"project_id","site_id","datetime","duration","depth_m","variable","observation"
"vera4cast","fcre",2018-04-10 16:49:14,"P1D",1.5,"GreenAlgae_ugL_sample",4.46
"vera4cast","fcre",2018-04-10 16:49:14,"P1D",1.5,"Bluegreens_ugL_sample",0
"vera4cast","fcre",2018-04-10 16:49:14,"P1D",1.5,"BrownAlgae_ugL_sample",2.84
"vera4cast","fcre",2018-04-10 16:49:14,"P1D",1.5,"MixedAlgae_ugL_sample",0
"vera4cast","fcre",2018-04-23 15:55:47,"P1D",1.5,"GreenAlgae_ugL_sample",2.99
"vera4cast","fcre",2018-04-23 15:55:47,"P1D",1.5,"Bluegreens_ugL_sample",0.14
"vera4cast","fcre",2018-04-23 15:55:47,"P1D",1.5,"BrownAlgae_ugL_sample",1.36
"vera4cast","fcre",2018-04-23 15:55:47,"P1D",1.5,"MixedAlgae_ugL_sample",0
"vera4cast","fcre",2018-05-04 18:51:09,"P1D",1.5,"GreenAlgae_ugL_sample",3.43
"vera4cast","fcre",2018-05-04 18:51:09,"P1D",1.5,"Bluegreens_ugL_sample",0
"vera4cast","fcre",2018-05-04 18:51:09,"P1D",1.5,"BrownAlgae_ugL_sample",0
"vera4cast","fcre",2018-05-04 18:51:09,"P1D",1.5,"MixedAlgae_ugL_sample",0.01
"vera4cast","fcre",2018-05-07 14:32:22,"P1D",1.5,"GreenAlgae_ugL_sample",3.71
"vera4cast","fcre",2018-05-07 14:32:22,"P1D",1.5,"Bluegreens_ugL_sample",0
"vera4cast","fcre",2018-05-07 14:32:22,"P1D",1.5,"BrownAlgae_ugL_sample",0.5
"vera4cast","fcre",2018-05-07 14:32:22,"P1D",1.5,"MixedAlgae_ugL_sample",0.03
"vera4cast","fcre",2018-05-11 17:00:02,"P1D",1.5,"GreenAlgae_ugL_sample",2.72
"vera4cast","fcre",2018-05-11 17:00:02,"P1D",1.5,"Bluegreens_ugL_sample",0.19
"vera4cast","fcre",2018-05-11 17:00:02,"P1D",1.5,"BrownAlgae_ugL_sample",0.31
"vera4cast","fcre",2018-05-11 17:00:02,"P1D",1.5,"MixedAlgae_ugL_sample",0.08
"vera4cast","fcre",2018-05-14 14:45:58,"P1D",1.5,"GreenAlgae_ugL_sample",2.91
"vera4cast","fcre",2018-05-14 14:45:58,"P1D",1.5,"Bluegreens_ugL_sample",0
"vera4cast","fcre",2018-05-14 14:45:58,"P1D",1.5,"BrownAlgae_ugL_sample",0.68
"vera4cast","fcre",2018-05-14 14:45:58,"P1D",1.5,"MixedAlgae_ugL_sample",0
"vera4cast","fcre",2018-05-17 17:04:38,"P1D",1.5,"GreenAlgae_ugL_sample",4.54
"vera4cast","fcre",2018-05-17 17:04:38,"P1D",1.5,"Bluegreens_ugL_sample",0.13
"vera4cast","fcre",2018-05-17 17:04:38,"P1D",1.5,"BrownAlgae_ugL_sample",3.5
"vera4cast","fcre",2018-05-17 17:04:38,"P1D",1.5,"MixedAlgae_ugL_sample",0.07
"vera4cast","fcre",2018-05-21 16:48:38,"P1D",1.5,"GreenAlgae_ugL_sample",3.97
"vera4cast","fcre",2018-05-21 16:48:38,"P1D",1.5,"Bluegreens_ugL_sample",0
"vera4cast","fcre",2018-05-21 16:48:38,"P1D",1.5,"BrownAlgae_ugL_sample",2.83
"vera4cast","fcre",2018-05-21 16:48:38,"P1D",1.5,"MixedAlgae_ugL_sample",1.11
"vera4cast","fcre",2018-05-24 18:14:27,"P1D",1.5,"GreenAlgae_ugL_sample",6.24
"vera4cast","fcre",2018-05-24 18:14:27,"P1D",1.5,"Bluegreens_ugL_sample",0
"vera4cast","fcre",2018-05-24 18:14:27,"P1D",1.5,"BrownAlgae_ugL_sample",2.96
"vera4cast","fcre",2018-05-24 18:14:27,"P1D",1.5,"MixedAlgae_ugL_sample",1.19
"vera4cast","fcre",2018-06-04 15:02:37,"P1D",1.5,"GreenAlgae_ugL_sample",3.89
"vera4cast","fcre",2018-06-04 15:02:37,"P1D",1.5,"Bluegreens_ugL_sample",0
"vera4cast","fcre",2018-06-04 15:02:37,"P1D",1.5,"BrownAlgae_ugL_sample",1.96
"vera4cast","fcre",2018-06-04 15:02:37,"P1D",1.5,"MixedAlgae_ugL_sample",0.15
"vera4cast","fcre",2018-06-07 14:55:21,"P1D",1.5,"GreenAlgae_ugL_sample",2.55
"vera4cast","fcre",2018-06-07 14:55:21,"P1D",1.5,"Bluegreens_ugL_sample",0
"vera4cast","fcre",2018-06-07 14:55:21,"P1D",1.5,"BrownAlgae_ugL_sample",2.55
"vera4cast","fcre",2018-06-07 14:55:21,"P1D",1.5,"MixedAlgae_ugL_sample",0
"vera4cast","fcre",2018-06-11 14:38:47,"P1D",1.5,"GreenAlgae_ugL_sample",2.3
"vera4cast","fcre",2018-06-11 14:38:47,"P1D",1.5,"Bluegreens_ugL_sample",0
"vera4cast","fcre",2018-06-11 14:38:47,"P1D",1.5,"BrownAlgae_ugL_sample",2.06
"vera4cast","fcre",2018-06-11 14:38:47,"P1D",1.5,"MixedAlgae_ugL_sample",0.53
"vera4cast","fcre",2018-06-14 18:38:42,"P1D",1.5,"GreenAlgae_ugL_sample",4.72
"vera4cast","fcre",2018-06-14 18:38:42,"P1D",1.5,"Bluegreens_ugL_sample",0.22
"vera4cast","fcre",2018-06-14 18:38:42,"P1D",1.5,"BrownAlgae_ugL_sample",6.24
"vera4cast","fcre",2018-06-14 18:38:42,"P1D",1.5,"MixedAlgae_ugL_sample",0
"vera4cast","fcre",2018-06-18 14:47:26,"P1D",1.5,"GreenAlgae_ugL_sample",2.2
"vera4cast","fcre",2018-06-18 14:47:26,"P1D",1.5,"Bluegreens_ugL_sample",0.55
"vera4cast","fcre",2018-06-18 14:47:26,"P1D",1.5,"BrownAlgae_ugL_sample",2.2
"vera4cast","fcre",2018-06-18 14:47:26,"P1D",1.5,"MixedAlgae_ugL_sample",0
"vera4cast","fcre",2018-06-21 19:00:01,"P1D",1.5,"GreenAlgae_ugL_sample",3.54
"vera4cast","fcre",2018-06-21 19:00:01,"P1D",1.5,"Bluegreens_ugL_sample",3.21
"vera4cast","fcre",2018-06-21 19:00:01,"P1D",1.5,"BrownAlgae_ugL_sample",3.86
"vera4cast","fcre",2018-06-21 19:00:01,"P1D",1.5,"MixedAlgae_ugL_sample",0
"vera4cast","fcre",2018-06-25 15:28:38,"P1D",1.5,"GreenAlgae_ugL_sample",3.42
"vera4cast","fcre",2018-06-25 15:28:38,"P1D",1.5,"Bluegreens_ugL_sample",4.72
"vera4cast","fcre",2018-06-25 15:28:38,"P1D",1.5,"BrownAlgae_ugL_sample",4.21
"vera4cast","fcre",2018-06-25 15:28:38,"P1D",1.5,"MixedAlgae_ugL_sample",0
"vera4cast","fcre",2018-06-28 14:38:31,"P1D",1.5,"GreenAlgae_ugL_sample",4.42
"vera4cast","fcre",2018-06-28 14:38:31,"P1D",1.5,"Bluegreens_ugL_sample",3.16
"vera4cast","fcre",2018-06-28 14:38:31,"P1D",1.5,"BrownAlgae_ugL_sample",5.59
"vera4cast","fcre",2018-06-28 14:38:31,"P1D",1.5,"MixedAlgae_ugL_sample",1.15
"vera4cast","fcre",2018-07-02 15:06:38,"P1D",1.5,"GreenAlgae_ugL_sample",3.43
"vera4cast","fcre",2018-07-02 15:06:38,"P1D",1.5,"Bluegreens_ugL_sample",0
"vera4cast","fcre",2018-07-02 15:06:38,"P1D",1.5,"BrownAlgae_ugL_sample",4.29
"vera4cast","fcre",2018-07-02 15:06:38,"P1D",1.5,"MixedAlgae_ugL_sample",0.61
"vera4cast","fcre",2018-07-05 17:41:50,"P1D",1.5,"GreenAlgae_ugL_sample",4.8
"vera4cast","fcre",2018-07-05 17:41:50,"P1D",1.5,"Bluegreens_ugL_sample",0
"vera4cast","fcre",2018-07-05 17:41:50,"P1D",1.5,"BrownAlgae_ugL_sample",2.98
"vera4cast","fcre",2018-07-05 17:41:50,"P1D",1.5,"MixedAlgae_ugL_sample",2
"vera4cast","fcre",2018-07-09 14:44:08,"P1D",1.5,"GreenAlgae_ugL_sample",5.51
"vera4cast","fcre",2018-07-09 14:44:08,"P1D",1.5,"Bluegreens_ugL_sample",0.27
"vera4cast","fcre",2018-07-09 14:44:08,"P1D",1.5,"BrownAlgae_ugL_sample",3.1
"vera4cast","fcre",2018-07-09 14:44:08,"P1D",1.5,"MixedAlgae_ugL_sample",1.03
"vera4cast","fcre",2018-07-16 14:57:05,"P1D",1.5,"GreenAlgae_ugL_sample",3.24
"vera4cast","fcre",2018-07-16 14:57:05,"P1D",1.5,"Bluegreens_ugL_sample",0.55
"vera4cast","fcre",2018-07-16 14:57:05,"P1D",1.5,"BrownAlgae_ugL_sample",3.87
"vera4cast","fcre",2018-07-16 14:57:05,"P1D",1.5,"MixedAlgae_ugL_sample",0.64
"vera4cast","fcre",2018-07-19 15:10:48,"P1D",1.5,"GreenAlgae_ugL_sample",5.19
"vera4cast","fcre",2018-07-19 15:10:48,"P1D",1.5,"Bluegreens_ugL_sample",2.03
"vera4cast","fcre",2018-07-19 15:10:48,"P1D",1.5,"BrownAlgae_ugL_sample",5.57
"vera4cast","fcre",2018-07-19 15:10:48,"P1D",1.5,"MixedAlgae_ugL_sample",0
"vera4cast","fcre",2018-07-23 14:38:25,"P1D",1.5,"GreenAlgae_ugL_sample",4.37
"vera4cast","fcre",2018-07-23 14:38:25,"P1D",1.5,"Bluegreens_ugL_sample",6.33
"vera4cast","fcre",2018-07-23 14:38:25,"P1D",1.5,"BrownAlgae_ugL_sample",11.49
"vera4cast","fcre",2018-07-23 14:38:25,"P1D",1.5,"MixedAlgae_ugL_sample",0
"vera4cast","fcre",2018-07-30 16:33:36,"P1D",1.5,"GreenAlgae_ugL_sample",3.98
"vera4cast","fcre",2018-07-30 16:33:36,"P1D",1.5,"Bluegreens_ugL_sample",7.33
"vera4cast","fcre",2018-07-30 16:33:36,"P1D",1.5,"BrownAlgae_ugL_sample",5.5
"vera4cast","fcre",2018-07-30 16:33:36,"P1D",1.5,"MixedAlgae_ugL_sample",0.57
"vera4cast","fcre",2018-08-02 17:19:33,"P1D",1.5,"GreenAlgae_ugL_sample",3.25
"vera4cast","fcre",2018-08-02 17:19:33,"P1D",1.5,"Bluegreens_ugL_sample",6.93
"vera4cast","fcre",2018-08-02 17:19:33,"P1D",1.5,"BrownAlgae_ugL_sample",2.32
"vera4cast","fcre",2018-08-02 17:19:33,"P1D",1.5,"MixedAlgae_ugL_sample",0.81
"vera4cast","fcre",2018-08-06 14:33:17,"P1D",1.5,"GreenAlgae_ugL_sample",3.25
"vera4cast","fcre",2018-08-06 14:33:17,"P1D",1.5,"Bluegreens_ugL_sample",5.68
"vera4cast","fcre",2018-08-06 14:33:17,"P1D",1.5,"BrownAlgae_ugL_sample",2.3
"vera4cast","fcre",2018-08-06 14:33:17,"P1D",1.5,"MixedAlgae_ugL_sample",1.88
"vera4cast","fcre",2018-08-09 18:51:13,"P1D",1.5,"GreenAlgae_ugL_sample",13.1
"vera4cast","fcre",2018-08-09 18:51:13,"P1D",1.5,"Bluegreens_ugL_sample",2.58
"vera4cast","fcre",2018-08-09 18:51:13,"P1D",1.5,"BrownAlgae_ugL_sample",4.52
"vera4cast","fcre",2018-08-09 18:51:13,"P1D",1.5,"MixedAlgae_ugL_sample",0.78
"vera4cast","fcre",2018-08-13 14:49:35,"P1D",1.5,"GreenAlgae_ugL_sample",14.57
"vera4cast","fcre",2018-08-13 14:49:35,"P1D",1.5,"Bluegreens_ugL_sample",0
"vera4cast","fcre",2018-08-13 14:49:35,"P1D",1.5,"BrownAlgae_ugL_sample",8.72
"vera4cast","fcre",2018-08-13 14:49:35,"P1D",1.5,"MixedAlgae_ugL_sample",0
"vera4cast","fcre",2018-08-16 22:50:38,"P1D",1.5,"GreenAlgae_ugL_sample",9.27
"vera4cast","fcre",2018-08-16 22:50:38,"P1D",1.5,"Bluegreens_ugL_sample",0.22
"vera4cast","fcre",2018-08-16 22:50:38,"P1D",1.5,"BrownAlgae_ugL_sample",5.32
"vera4cast","fcre",2018-08-16 22:50:38,"P1D",1.5,"MixedAlgae_ugL_sample",0
"vera4cast","fcre",2018-08-20 16:21:34,"P1D",1.5,"GreenAlgae_ugL_sample",6.88
"vera4cast","fcre",2018-08-20 16:21:34,"P1D",1.5,"Bluegreens_ugL_sample",0.63
"vera4cast","fcre",2018-08-20 16:21:34,"P1D",1.5,"BrownAlgae_ugL_sample",7.06
"vera4cast","fcre",2018-08-20 16:21:34,"P1D",1.5,"MixedAlgae_ugL_sample",0.36
"vera4cast","fcre",2018-08-27 16:40:16,"P1D",1.5,"GreenAlgae_ugL_sample",7.91
"vera4cast","fcre",2018-08-27 16:40:16,"P1D",1.5,"Bluegreens_ugL_sample",0.11
"vera4cast","fcre",2018-08-27 16:40:16,"P1D",1.5,"BrownAlgae_ugL_sample",8.39
"vera4cast","fcre",2018-08-27 16:40:16,"P1D",1.5,"MixedAlgae_ugL_sample",0.58
"vera4cast","fcre",2018-09-03 14:37:09,"P1D",1.5,"GreenAlgae_ugL_sample",5.46
"vera4cast","fcre",2018-09-03 14:37:09,"P1D",1.5,"Bluegreens_ugL_sample",1.74
"vera4cast","fcre",2018-09-03 14:37:09,"P1D",1.5,"BrownAlgae_ugL_sample",4.95
"vera4cast","fcre",2018-09-03 14:37:09,"P1D",1.5,"MixedAlgae_ugL_sample",0
"vera4cast","fcre",2018-09-07 20:19:47,"P1D",1.5,"GreenAlgae_ugL_sample",8.11
"vera4cast","fcre",2018-09-07 20:19:47,"P1D",1.5,"Bluegreens_ugL_sample",4.31
"vera4cast","fcre",2018-09-07 20:19:47,"P1D",1.5,"BrownAlgae_ugL_sample",1.23
"vera4cast","fcre",2018-09-07 20:19:47,"P1D",1.5,"MixedAlgae_ugL_sample",0.19
"vera4cast","fcre",2018-09-10 19:39:42,"P1D",1.5,"GreenAlgae_ugL_sample",9.62
"vera4cast","fcre",2018-09-10 19:39:42,"P1D",1.5,"Bluegreens_ugL_sample",10.97
"vera4cast","fcre",2018-09-10 19:39:42,"P1D",1.5,"BrownAlgae_ugL_sample",7.05
"vera4cast","fcre",2018-09-10 19:39:42,"P1D",1.5,"MixedAlgae_ugL_sample",0
"vera4cast","fcre",2018-09-12 21:24:29,"P1D",1.5,"GreenAlgae_ugL_sample",9.54
"vera4cast","fcre",2018-09-12 21:24:29,"P1D",1.5,"Bluegreens_ugL_sample",9.22
"vera4cast","fcre",2018-09-12 21:24:29,"P1D",1.5,"BrownAlgae_ugL_sample",4.99
"vera4cast","fcre",2018-09-12 21:24:29,"P1D",1.5,"MixedAlgae_ugL_sample",0
"vera4cast","fcre",2018-09-17 18:51:45,"P1D",1.5,"GreenAlgae_ugL_sample",5.69
"vera4cast","fcre",2018-09-17 18:51:45,"P1D",1.5,"Bluegreens_ugL_sample",11.04
"vera4cast","fcre",2018-09-17 18:51:45,"P1D",1.5,"BrownAlgae_ugL_sample",6.62
"vera4cast","fcre",2018-09-17 18:51:45,"P1D",1.5,"MixedAlgae_ugL_sample",0
"vera4cast","fcre",2018-09-21 21:02:31,"P1D",1.5,"GreenAlgae_ugL_sample",8.11
"vera4cast","fcre",2018-09-21 21:02:31,"P1D",1.5,"Bluegreens_ugL_sample",0.62
"vera4cast","fcre",2018-09-21 21:02:31,"P1D",1.5,"BrownAlgae_ugL_sample",7.16
"vera4cast","fcre",2018-09-21 21:02:31,"P1D",1.5,"MixedAlgae_ugL_sample",0.75
"vera4cast","fcre",2018-09-24 18:28:53,"P1D",1.5,"GreenAlgae_ugL_sample",5.65
"vera4cast","fcre",2018-09-24 18:28:53,"P1D",1.5,"Bluegreens_ugL_sample",3.05
"vera4cast","fcre",2018-09-24 18:28:53,"P1D",1.5,"BrownAlgae_ugL_sample",3.62
"vera4cast","fcre",2018-09-24 18:28:53,"P1D",1.5,"MixedAlgae_ugL_sample",2.49
"vera4cast","fcre",2018-10-01 18:35:22,"P1D",1.5,"GreenAlgae_ugL_sample",6.71
"vera4cast","fcre",2018-10-01 18:35:22,"P1D",1.5,"Bluegreens_ugL_sample",1.82
"vera4cast","fcre",2018-10-01 18:35:22,"P1D",1.5,"BrownAlgae_ugL_sample",3.93
"vera4cast","fcre",2018-10-01 18:35:22,"P1D",1.5,"MixedAlgae_ugL_sample",1.32
"vera4cast","fcre",2018-10-05 20:40:17,"P1D",1.5,"GreenAlgae_ugL_sample",7.88
"vera4cast","fcre",2018-10-05 20:40:17,"P1D",1.5,"Bluegreens_ugL_sample",0.91
"vera4cast","fcre",2018-10-05 20:40:17,"P1D",1.5,"BrownAlgae_ugL_sample",3.27
"vera4cast","fcre",2018-10-05 20:40:17,"P1D",1.5,"MixedAlgae_ugL_sample",1.4
"vera4cast","fcre",2018-10-08 17:09:04,"P1D",1.5,"GreenAlgae_ugL_sample",3.18
"vera4cast","fcre",2018-10-08 17:09:04,"P1D",1.5,"Bluegreens_ugL_sample",0.78
"vera4cast","fcre",2018-10-08 17:09:04,"P1D",1.5,"BrownAlgae_ugL_sample",4.04
"vera4cast","fcre",2018-10-08 17:09:04,"P1D",1.5,"MixedAlgae_ugL_sample",1.59
"vera4cast","fcre",2018-10-15 18:48:32,"P1D",1.5,"GreenAlgae_ugL_sample",2.45
"vera4cast","fcre",2018-10-15 18:48:32,"P1D",1.5,"Bluegreens_ugL_sample",1.07
"vera4cast","fcre",2018-10-15 18:48:32,"P1D",1.5,"BrownAlgae_ugL_sample",1.5
"vera4cast","fcre",2018-10-15 18:48:32,"P1D",1.5,"MixedAlgae_ugL_sample",0.5
"vera4cast","fcre",2018-10-19 20:26:57,"P1D",1.5,"GreenAlgae_ugL_sample",5.3
"vera4cast","fcre",2018-10-19 20:26:57,"P1D",1.5,"Bluegreens_ugL_sample",0.7
"vera4cast","fcre",2018-10-19 20:26:57,"P1D",1.5,"BrownAlgae_ugL_sample",3.12
"vera4cast","fcre",2018-10-19 20:26:57,"P1D",1.5,"MixedAlgae_ugL_sample",1.75
"vera4cast","fcre",2018-10-22 16:46:24,"P1D",1.5,"GreenAlgae_ugL_sample",4.33
"vera4cast","fcre",2018-10-22 16:46:24,"P1D",1.5,"Bluegreens_ugL_sample",0.72
"vera4cast","fcre",2018-10-22 16:46:24,"P1D",1.5,"BrownAlgae_ugL_sample",2.54
"vera4cast","fcre",2018-10-22 16:46:24,"P1D",1.5,"MixedAlgae_ugL_sample",1.88
"vera4cast","fcre",2018-10-29 16:35:20,"P1D",1.5,"GreenAlgae_ugL_sample",3.04
"vera4cast","fcre",2018-10-29 16:35:20,"P1D",1.5,"Bluegreens_ugL_sample",0.95
"vera4cast","fcre",2018-10-29 16:35:20,"P1D",1.5,"BrownAlgae_ugL_sample",1.48
"vera4cast","fcre",2018-10-29 16:35:20,"P1D",1.5,"MixedAlgae_ugL_sample",1.04
"vera4cast","fcre",2018-11-02 20:14:31,"P1D",1.5,"GreenAlgae_ugL_sample",2.52
"vera4cast","fcre",2018-11-02 20:14:31,"P1D",1.5,"Bluegreens_ugL_sample",0.68
"vera4cast","fcre",2018-11-02 20:14:31,"P1D",1.5,"BrownAlgae_ugL_sample",1.39
"vera4cast","fcre",2018-11-02 20:14:31,"P1D",1.5,"MixedAlgae_ugL_sample",0.55
"vera4cast","fcre",2018-11-13 19:32:28,"P1D",1.5,"GreenAlgae_ugL_sample",2.43
"vera4cast","fcre",2018-11-13 19:32:28,"P1D",1.5,"Bluegreens_ugL_sample",0.47
"vera4cast","fcre",2018-11-13 19:32:28,"P1D",1.5,"BrownAlgae_ugL_sample",0.31
"vera4cast","fcre",2018-11-13 19:32:28,"P1D",1.5,"MixedAlgae_ugL_sample",1.31
"vera4cast","fcre",2018-11-19 16:56:45,"P1D",1.5,"GreenAlgae_ugL_sample",3.03
"vera4cast","fcre",2018-11-19 16:56:45,"P1D",1.5,"Bluegreens_ugL_sample",0.3
"vera4cast","fcre",2018-11-19 16:56:45,"P1D",1.5,"BrownAlgae_ugL_sample",1.02
"vera4cast","fcre",2018-11-19 16:56:45,"P1D",1.5,"MixedAlgae_ugL_sample",1
"vera4cast","fcre",2018-12-06 16:33:37,"P1D",1.5,"GreenAlgae_ugL_sample",6.48
"vera4cast","fcre",2018-12-06 16:33:37,"P1D",1.5,"Bluegreens_ugL_sample",0.42
"vera4cast","fcre",2018-12-06 16:33:37,"P1D",1.5,"BrownAlgae_ugL_sample",2.88
"vera4cast","fcre",2018-12-06 16:33:37,"P1D",1.5,"MixedAlgae_ugL_sample",1.71
"vera4cast","fcre",2018-12-17 16:20:37,"P1D",1.5,"GreenAlgae_ugL_sample",4.74
"vera4cast","fcre",2018-12-17 16:20:37,"P1D",1.5,"Bluegreens_ugL_sample",0.37
"vera4cast","fcre",2018-12-17 16:20:37,"P1D",1.5,"BrownAlgae_ugL_sample",3.13
"vera4cast","fcre",2018-12-17 16:20:37,"P1D",1.5,"MixedAlgae_ugL_sample",1.38
"vera4cast","fcre",2019-02-08 17:22:30,"P1D",1.5,"GreenAlgae_ugL_sample",3.46
"vera4cast","fcre",2019-02-08 17:22:30,"P1D",1.5,"Bluegreens_ugL_sample",0
"vera4cast","fcre",2019-02-08 17:22:30,"P1D",1.5,"BrownAlgae_ugL_sample",2.98
"vera4cast","fcre",2019-02-08 17:22:30,"P1D",1.5,"MixedAlgae_ugL_sample",0.49
"vera4cast","fcre",2019-02-27 16:12:33,"P1D",1.5,"GreenAlgae_ugL_sample",4.15
"vera4cast","fcre",2019-02-27 16:12:33,"P1D",1.5,"Bluegreens_ugL_sample",0
"vera4cast","fcre",2019-02-27 16:12:33,"P1D",1.5,"BrownAlgae_ugL_sample",3.23
"vera4cast","fcre",2019-02-27 16:12:33,"P1D",1.5,"MixedAlgae_ugL_sample",0.48
"vera4cast","fcre",2019-03-18 15:51:25,"P1D",1.5,"GreenAlgae_ugL_sample",3
"vera4cast","fcre",2019-03-18 15:51:25,"P1D",1.5,"Bluegreens_ugL_sample",0.15
"vera4cast","fcre",2019-03-18 15:51:25,"P1D",1.5,"BrownAlgae_ugL_sample",1.65
"vera4cast","fcre",2019-03-18 15:51:25,"P1D",1.5,"MixedAlgae_ugL_sample",0
"vera4cast","fcre",2019-04-01 14:03:50,"P1D",1.5,"GreenAlgae_ugL_sample",5.9
"vera4cast","fcre",2019-04-01 14:03:50,"P1D",1.5,"Bluegreens_ugL_sample",0
"vera4cast","fcre",2019-04-01 14:03:50,"P1D",1.5,"BrownAlgae_ugL_sample",0
"vera4cast","fcre",2019-04-01 14:03:50,"P1D",1.5,"MixedAlgae_ugL_sample",0.14
"vera4cast","fcre",2019-04-15 14:53:01,"P1D",1.5,"GreenAlgae_ugL_sample",8.12
"vera4cast","fcre",2019-04-15 14:53:01,"P1D",1.5,"Bluegreens_ugL_sample",0.02
"vera4cast","fcre",2019-04-15 14:53:01,"P1D",1.5,"BrownAlgae_ugL_sample",3.22
"vera4cast","fcre",2019-04-15 14:53:01,"P1D",1.5,"MixedAlgae_ugL_sample",0.13
"vera4cast","fcre",2019-04-22 14:10:09,"P1D",1.5,"GreenAlgae_ugL_sample",8.39
"vera4cast","fcre",2019-04-22 14:10:09,"P1D",1.5,"Bluegreens_ugL_sample",0
"vera4cast","fcre",2019-04-22 14:10:09,"P1D",1.5,"BrownAlgae_ugL_sample",1.37
"vera4cast","fcre",2019-04-22 14:10:09,"P1D",1.5,"MixedAlgae_ugL_sample",0.37
"vera4cast","fcre",2019-04-29 13:14:08,"P1D",1.5,"GreenAlgae_ugL_sample",2.28
"vera4cast","fcre",2019-04-29 13:14:08,"P1D",1.5,"Bluegreens_ugL_sample",0.07
"vera4cast","fcre",2019-04-29 13:14:08,"P1D",1.5,"BrownAlgae_ugL_sample",1.1
"vera4cast","fcre",2019-04-29 13:14:08,"P1D",1.5,"MixedAlgae_ugL_sample",0.64
"vera4cast","fcre",2019-05-06 14:14:47,"P1D",1.5,"GreenAlgae_ugL_sample",4.5
"vera4cast","fcre",2019-05-06 14:14:47,"P1D",1.5,"Bluegreens_ugL_sample",0
"vera4cast","fcre",2019-05-06 14:14:47,"P1D",1.5,"BrownAlgae_ugL_sample",1.17
"vera4cast","fcre",2019-05-06 14:14:47,"P1D",1.5,"MixedAlgae_ugL_sample",0.1
"vera4cast","fcre",2019-05-13 15:52:41,"P1D",1.5,"GreenAlgae_ugL_sample",6.66
"vera4cast","fcre",2019-05-13 15:52:41,"P1D",1.5,"Bluegreens_ugL_sample",0
"vera4cast","fcre",2019-05-13 15:52:41,"P1D",1.5,"BrownAlgae_ugL_sample",4.14
"vera4cast","fcre",2019-05-13 15:52:41,"P1D",1.5,"MixedAlgae_ugL_sample",0
"vera4cast","fcre",2019-05-16 18:48:22,"P1D",1.5,"GreenAlgae_ugL_sample",1.64
"vera4cast","fcre",2019-05-16 18:48:22,"P1D",1.5,"Bluegreens_ugL_sample",0
"vera4cast","fcre",2019-05-16 18:48:22,"P1D",1.5,"BrownAlgae_ugL_sample",2.74
"vera4cast","fcre",2019-05-16 18:48:22,"P1D",1.5,"MixedAlgae_ugL_sample",0
"vera4cast","fcre",2019-05-20 13:48:08,"P1D",1.5,"GreenAlgae_ugL_sample",2.99
"vera4cast","fcre",2019-05-20 13:48:08,"P1D",1.5,"Bluegreens_ugL_sample",0
"vera4cast","fcre",2019-05-20 13:48:08,"P1D",1.5,"BrownAlgae_ugL_sample",2.03
"vera4cast","fcre",2019-05-20 13:48:08,"P1D",1.5,"MixedAlgae_ugL_sample",0
"vera4cast","fcre",2019-05-27 13:46:23,"P1D",1.5,"GreenAlgae_ugL_sample",3.79
"vera4cast","fcre",2019-05-27 13:46:23,"P1D",1.5,"Bluegreens_ugL_sample",0.6
"vera4cast","fcre",2019-05-27 13:46:23,"P1D",1.5,"BrownAlgae_ugL_sample",1.72
"vera4cast","fcre",2019-05-27 13:46:23,"P1D",1.5,"MixedAlgae_ugL_sample",0
"vera4cast","fcre",2019-06-03 13:27:19,"P1D",1.5,"GreenAlgae_ugL_sample",4.43
"vera4cast","fcre",2019-06-03 13:27:19,"P1D",1.5,"Bluegreens_ugL_sample",3.04
"vera4cast","fcre",2019-06-03 13:27:19,"P1D",1.5,"BrownAlgae_ugL_sample",1.31
"vera4cast","fcre",2019-06-03 13:27:19,"P1D",1.5,"MixedAlgae_ugL_sample",0
"vera4cast","fcre",2019-06-10 14:08:26,"P1D",1.5,"GreenAlgae_ugL_sample",2.88
"vera4cast","fcre",2019-06-10 14:08:26,"P1D",1.5,"Bluegreens_ugL_sample",3.64
"vera4cast","fcre",2019-06-10 14:08:26,"P1D",1.5,"BrownAlgae_ugL_sample",4.47
"vera4cast","fcre",2019-06-10 14:08:26,"P1D",1.5,"MixedAlgae_ugL_sample",0
"vera4cast","fcre",2019-06-13 17:23:02,"P1D",1.5,"GreenAlgae_ugL_sample",2.94
"vera4cast","fcre",2019-06-13 17:23:02,"P1D",1.5,"Bluegreens_ugL_sample",3.62
"vera4cast","fcre",2019-06-13 17:23:02,"P1D",1.5,"BrownAlgae_ugL_sample",4.24
"vera4cast","fcre",2019-06-13 17:23:02,"P1D",1.5,"MixedAlgae_ugL_sample",0
"vera4cast","fcre",2019-06-17 14:30:21,"P1D",1.5,"GreenAlgae_ugL_sample",2.03
"vera4cast","fcre",2019-06-17 14:30:21,"P1D",1.5,"Bluegreens_ugL_sample",4.19
"vera4cast","fcre",2019-06-17 14:30:21,"P1D",1.5,"BrownAlgae_ugL_sample",2.37
"vera4cast","fcre",2019-06-17 14:30:21,"P1D",1.5,"MixedAlgae_ugL_sample",0
"vera4cast","fcre",2019-06-20 19:19:26,"P1D",1.5,"GreenAlgae_ugL_sample",4.18
"vera4cast","fcre",2019-06-20 19:19:26,"P1D",1.5,"Bluegreens_ugL_sample",6.01
"vera4cast","fcre",2019-06-20 19:19:26,"P1D",1.5,"BrownAlgae_ugL_sample",4.52
"vera4cast","fcre",2019-06-20 19:19:26,"P1D",1.5,"MixedAlgae_ugL_sample",0
"vera4cast","fcre",2019-06-24 13:56:55,"P1D",1.5,"GreenAlgae_ugL_sample",6.11
"vera4cast","fcre",2019-06-24 13:56:55,"P1D",1.5,"Bluegreens_ugL_sample",4.64
"vera4cast","fcre",2019-06-24 13:56:55,"P1D",1.5,"BrownAlgae_ugL_sample",1.4
"vera4cast","fcre",2019-06-24 13:56:55,"P1D",1.5,"MixedAlgae_ugL_sample",0
"vera4cast","fcre",2019-06-27 14:08:55,"P1D",1.5,"GreenAlgae_ugL_sample",3.88
"vera4cast","fcre",2019-06-27 14:08:55,"P1D",1.5,"Bluegreens_ugL_sample",4.45
"vera4cast","fcre",2019-06-27 14:08:55,"P1D",1.5,"BrownAlgae_ugL_sample",1.46
"vera4cast","fcre",2019-06-27 14:08:55,"P1D",1.5,"MixedAlgae_ugL_sample",0
"vera4cast","fcre",2019-07-03 16:59:38,"P1D",1.5,"GreenAlgae_ugL_sample",9.44
"vera4cast","fcre",2019-07-03 16:59:38,"P1D",1.5,"Bluegreens_ugL_sample",6.05
"vera4cast","fcre",2019-07-03 16:59:38,"P1D",1.5,"BrownAlgae_ugL_sample",2.14
"vera4cast","fcre",2019-07-03 16:59:38,"P1D",1.5,"MixedAlgae_ugL_sample",0
"vera4cast","fcre",2019-07-11 15:13:44,"P1D",1.5,"GreenAlgae_ugL_sample",6.51
"vera4cast","fcre",2019-07-11 15:13:44,"P1D",1.5,"Bluegreens_ugL_sample",5.83
"vera4cast","fcre",2019-07-11 15:13:44,"P1D",1.5,"BrownAlgae_ugL_sample",2.16
"vera4cast","fcre",2019-07-11 15:13:44,"P1D",1.5,"MixedAlgae_ugL_sample",0.3
"vera4cast","fcre",2019-07-18 13:37:29,"P1D",1.5,"GreenAlgae_ugL_sample",28.13
"vera4cast","fcre",2019-07-18 13:37:29,"P1D",1.5,"Bluegreens_ugL_sample",0.49
"vera4cast","fcre",2019-07-18 13:37:29,"P1D",1.5,"BrownAlgae_ugL_sample",0.61
"vera4cast","fcre",2019-07-18 13:37:29,"P1D",1.5,"MixedAlgae_ugL_sample",1.2
"vera4cast","fcre",2019-07-22 14:26:27,"P1D",1.5,"GreenAlgae_ugL_sample",43.47
"vera4cast","fcre",2019-07-22 14:26:27,"P1D",1.5,"Bluegreens_ugL_sample",0
"vera4cast","fcre",2019-07-22 14:26:27,"P1D",1.5,"BrownAlgae_ugL_sample",0.48
"vera4cast","fcre",2019-07-22 14:26:27,"P1D",1.5,"MixedAlgae_ugL_sample",1.24
"vera4cast","fcre",2019-07-29 14:01:11,"P1D",1.5,"GreenAlgae_ugL_sample",44.87
"vera4cast","fcre",2019-07-29 14:01:11,"P1D",1.5,"Bluegreens_ugL_sample",1.42
"vera4cast","fcre",2019-07-29 14:01:11,"P1D",1.5,"BrownAlgae_ugL_sample",0
"vera4cast","fcre",2019-07-29 14:01:11,"P1D",1.5,"MixedAlgae_ugL_sample",0.91
"vera4cast","fcre",2019-08-01 13:38:11,"P1D",1.5,"GreenAlgae_ugL_sample",48.04
"vera4cast","fcre",2019-08-01 13:38:11,"P1D",1.5,"Bluegreens_ugL_sample",4.31
"vera4cast","fcre",2019-08-01 13:38:11,"P1D",1.5,"BrownAlgae_ugL_sample",1.38
"vera4cast","fcre",2019-08-01 13:38:11,"P1D",1.5,"MixedAlgae_ugL_sample",0.24
"vera4cast","fcre",2019-08-05 13:46:02,"P1D",1.5,"GreenAlgae_ugL_sample",14.04
"vera4cast","fcre",2019-08-05 13:46:02,"P1D",1.5,"Bluegreens_ugL_sample",5.14
"vera4cast","fcre",2019-08-05 13:46:02,"P1D",1.5,"BrownAlgae_ugL_sample",2.08
"vera4cast","fcre",2019-08-05 13:46:02,"P1D",1.5,"MixedAlgae_ugL_sample",0
"vera4cast","fcre",2019-08-08 13:31:27,"P1D",1.5,"GreenAlgae_ugL_sample",11.44
"vera4cast","fcre",2019-08-08 13:31:27,"P1D",1.5,"Bluegreens_ugL_sample",7.14
"vera4cast","fcre",2019-08-08 13:31:27,"P1D",1.5,"BrownAlgae_ugL_sample",1.77
"vera4cast","fcre",2019-08-08 13:31:27,"P1D",1.5,"MixedAlgae_ugL_sample",0.2
"vera4cast","fcre",2019-08-12 13:48:47,"P1D",1.5,"GreenAlgae_ugL_sample",12.25
"vera4cast","fcre",2019-08-12 13:48:47,"P1D",1.5,"Bluegreens_ugL_sample",8.97
"vera4cast","fcre",2019-08-12 13:48:47,"P1D",1.5,"BrownAlgae_ugL_sample",4.5
"vera4cast","fcre",2019-08-12 13:48:47,"P1D",1.5,"MixedAlgae_ugL_sample",0.26
"vera4cast","fcre",2019-08-14 19:07:31,"P1D",1.5,"GreenAlgae_ugL_sample",13.75
"vera4cast","fcre",2019-08-14 19:07:31,"P1D",1.5,"Bluegreens_ugL_sample",12.07
"vera4cast","fcre",2019-08-14 19:07:31,"P1D",1.5,"BrownAlgae_ugL_sample",2.69
"vera4cast","fcre",2019-08-14 19:07:31,"P1D",1.5,"MixedAlgae_ugL_sample",0
"vera4cast","fcre",2019-08-15 13:14:28,"P1D",1.5,"GreenAlgae_ugL_sample",9.86
"vera4cast","fcre",2019-08-15 13:14:28,"P1D",1.5,"Bluegreens_ugL_sample",14.02
"vera4cast","fcre",2019-08-15 13:14:28,"P1D",1.5,"BrownAlgae_ugL_sample",2.35
"vera4cast","fcre",2019-08-15 13:14:28,"P1D",1.5,"MixedAlgae_ugL_sample",0
"vera4cast","fcre",2019-08-19 13:40:21,"P1D",1.5,"GreenAlgae_ugL_sample",11.34
"vera4cast","fcre",2019-08-19 13:40:21,"P1D",1.5,"Bluegreens_ugL_sample",21.01
"vera4cast","fcre",2019-08-19 13:40:21,"P1D",1.5,"BrownAlgae_ugL_sample",0.43
"vera4cast","fcre",2019-08-19 13:40:21,"P1D",1.5,"MixedAlgae_ugL_sample",0
"vera4cast","fcre",2019-08-22 13:30:39,"P1D",1.5,"GreenAlgae_ugL_sample",10.54
"vera4cast","fcre",2019-08-22 13:30:39,"P1D",1.5,"Bluegreens_ugL_sample",24.21
"vera4cast","fcre",2019-08-22 13:30:39,"P1D",1.5,"BrownAlgae_ugL_sample",0.89
"vera4cast","fcre",2019-08-22 13:30:39,"P1D",1.5,"MixedAlgae_ugL_sample",0
"vera4cast","fcre",2019-08-28 15:18:51,"P1D",1.5,"GreenAlgae_ugL_sample",4.55
"vera4cast","fcre",2019-08-28 15:18:51,"P1D",1.5,"Bluegreens_ugL_sample",19.58
"vera4cast","fcre",2019-08-28 15:18:51,"P1D",1.5,"BrownAlgae_ugL_sample",3.27
"vera4cast","fcre",2019-08-28 15:18:51,"P1D",1.5,"MixedAlgae_ugL_sample",0
"vera4cast","fcre",2019-09-02 13:25:43,"P1D",1.5,"GreenAlgae_ugL_sample",2.01
"vera4cast","fcre",2019-09-02 13:25:43,"P1D",1.5,"Bluegreens_ugL_sample",14.21
"vera4cast","fcre",2019-09-02 13:25:43,"P1D",1.5,"BrownAlgae_ugL_sample",1.06
"vera4cast","fcre",2019-09-02 13:25:43,"P1D",1.5,"MixedAlgae_ugL_sample",0
"vera4cast","fcre",2019-09-11 13:39:48,"P1D",1.5,"GreenAlgae_ugL_sample",1.14
"vera4cast","fcre",2019-09-11 13:39:48,"P1D",1.5,"Bluegreens_ugL_sample",19.04
"vera4cast","fcre",2019-09-11 13:39:48,"P1D",1.5,"BrownAlgae_ugL_sample",1.27
"vera4cast","fcre",2019-09-11 13:39:48,"P1D",1.5,"MixedAlgae_ugL_sample",0
"vera4cast","fcre",2019-09-20 15:30:39,"P1D",1.5,"GreenAlgae_ugL_sample",0.83
"vera4cast","fcre",2019-09-20 15:30:39,"P1D",1.5,"Bluegreens_ugL_sample",25.04
"vera4cast","fcre",2019-09-20 15:30:39,"P1D",1.5,"BrownAlgae_ugL_sample",4.48
"vera4cast","fcre",2019-09-20 15:30:39,"P1D",1.5,"MixedAlgae_ugL_sample",0.82
"vera4cast","fcre",2019-09-27 15:16:02,"P1D",1.5,"GreenAlgae_ugL_sample",3.14
"vera4cast","fcre",2019-09-27 15:16:02,"P1D",1.5,"Bluegreens_ugL_sample",22
"vera4cast","fcre",2019-09-27 15:16:02,"P1D",1.5,"BrownAlgae_ugL_sample",3.42
"vera4cast","fcre",2019-09-27 15:16:02,"P1D",1.5,"MixedAlgae_ugL_sample",0
"vera4cast","fcre",2019-10-04 17:56:35,"P1D",1.5,"GreenAlgae_ugL_sample",6.95
"vera4cast","fcre",2019-10-04 17:56:35,"P1D",1.5,"Bluegreens_ugL_sample",0
"vera4cast","fcre",2019-10-04 17:56:35,"P1D",1.5,"BrownAlgae_ugL_sample",4.82
"vera4cast","fcre",2019-10-04 17:56:35,"P1D",1.5,"MixedAlgae_ugL_sample",1.28
"vera4cast","fcre",2019-10-11 15:51:49,"P1D",1.5,"GreenAlgae_ugL_sample",3.44
"vera4cast","fcre",2019-10-11 15:51:49,"P1D",1.5,"Bluegreens_ugL_sample",44.66
"vera4cast","fcre",2019-10-11 15:51:49,"P1D",1.5,"BrownAlgae_ugL_sample",2.26
"vera4cast","fcre",2019-10-11 15:51:49,"P1D",1.5,"MixedAlgae_ugL_sample",0
"vera4cast","fcre",2019-10-16 13:52:07,"P1D",1.5,"GreenAlgae_ugL_sample",0
"vera4cast","fcre",2019-10-16 13:52:07,"P1D",1.5,"Bluegreens_ugL_sample",32.52
"vera4cast","fcre",2019-10-16 13:52:07,"P1D",1.5,"BrownAlgae_ugL_sample",0.74
"vera4cast","fcre",2019-10-16 13:52:07,"P1D",1.5,"MixedAlgae_ugL_sample",0
"vera4cast","fcre",2019-10-22 20:11:57,"P1D",1.5,"GreenAlgae_ugL_sample",3.68
"vera4cast","fcre",2019-10-22 20:11:57,"P1D",1.5,"Bluegreens_ugL_sample",38.6
"vera4cast","fcre",2019-10-22 20:11:57,"P1D",1.5,"BrownAlgae_ugL_sample",5.38
"vera4cast","fcre",2019-10-22 20:11:57,"P1D",1.5,"MixedAlgae_ugL_sample",0.64
"vera4cast","fcre",2019-10-25 15:54:13,"P1D",1.5,"GreenAlgae_ugL_sample",4.48
"vera4cast","fcre",2019-10-25 15:54:13,"P1D",1.5,"Bluegreens_ugL_sample",42.06
"vera4cast","fcre",2019-10-25 15:54:13,"P1D",1.5,"BrownAlgae_ugL_sample",4.86
"vera4cast","fcre",2019-10-25 15:54:13,"P1D",1.5,"MixedAlgae_ugL_sample",0
"vera4cast","fcre",2019-10-28 17:01:50,"P1D",1.5,"GreenAlgae_ugL_sample",4.89
"vera4cast","fcre",2019-10-28 17:01:50,"P1D",1.5,"Bluegreens_ugL_sample",40.06
"vera4cast","fcre",2019-10-28 17:01:50,"P1D",1.5,"BrownAlgae_ugL_sample",5.82
"vera4cast","fcre",2019-10-28 17:01:50,"P1D",1.5,"MixedAlgae_ugL_sample",5.11
"vera4cast","fcre",2019-10-30 13:37:48,"P1D",1.5,"GreenAlgae_ugL_sample",4.6
"vera4cast","fcre",2019-10-30 13:37:48,"P1D",1.5,"Bluegreens_ugL_sample",52.26
"vera4cast","fcre",2019-10-30 13:37:48,"P1D",1.5,"BrownAlgae_ugL_sample",6.26
"vera4cast","fcre",2019-10-30 13:37:48,"P1D",1.5,"MixedAlgae_ugL_sample",0
"vera4cast","fcre",2019-11-04 16:25:38,"P1D",1.5,"GreenAlgae_ugL_sample",2.18
"vera4cast","fcre",2019-11-04 16:25:38,"P1D",1.5,"Bluegreens_ugL_sample",24.66
"vera4cast","fcre",2019-11-04 16:25:38,"P1D",1.5,"BrownAlgae_ugL_sample",4.07
"vera4cast","fcre",2019-11-04 16:25:38,"P1D",1.5,"MixedAlgae_ugL_sample",0
"vera4cast","fcre",2019-11-08 19:01:39,"P1D",1.5,"GreenAlgae_ugL_sample",4.13
"vera4cast","fcre",2019-11-08 19:01:39,"P1D",1.5,"Bluegreens_ugL_sample",30.18
"vera4cast","fcre",2019-11-08 19:01:39,"P1D",1.5,"BrownAlgae_ugL_sample",3.61
"vera4cast","fcre",2019-11-08 19:01:39,"P1D",1.5,"MixedAlgae_ugL_sample",0
"vera4cast","fcre",2019-11-20 15:27:54,"P1D",1.5,"GreenAlgae_ugL_sample",4.53
"vera4cast","fcre",2019-11-20 15:27:54,"P1D",1.5,"Bluegreens_ugL_sample",30.76
"vera4cast","fcre",2019-11-20 15:27:54,"P1D",1.5,"BrownAlgae_ugL_sample",4.87
"vera4cast","fcre",2019-11-20 15:27:54,"P1D",1.5,"MixedAlgae_ugL_sample",0
"vera4cast","fcre",2019-12-06 18:26:38,"P1D",1.5,"GreenAlgae_ugL_sample",5.22
"vera4cast","fcre",2019-12-06 18:26:38,"P1D",1.5,"Bluegreens_ugL_sample",29.61
"vera4cast","fcre",2019-12-06 18:26:38,"P1D",1.5,"BrownAlgae_ugL_sample",5.04
"vera4cast","fcre",2019-12-06 18:26:38,"P1D",1.5,"MixedAlgae_ugL_sample",0
"vera4cast","fcre",2020-05-25 14:43:44,"P1D",1.5,"GreenAlgae_ugL_sample",3.33
"vera4cast","fcre",2020-05-25 14:43:44,"P1D",1.5,"Bluegreens_ugL_sample",1.07
"vera4cast","fcre",2020-05-25 14:43:44,"P1D",1.5,"BrownAlgae_ugL_sample",5.04
"vera4cast","fcre",2020-05-25 14:43:44,"P1D",1.5,"MixedAlgae_ugL_sample",1.14
"vera4cast","fcre",2020-06-03 16:20:14,"P1D",1.5,"GreenAlgae_ugL_sample",8.15
"vera4cast","fcre",2020-06-03 16:20:14,"P1D",1.5,"Bluegreens_ugL_sample",0
"vera4cast","fcre",2020-06-03 16:20:14,"P1D",1.5,"BrownAlgae_ugL_sample",3.61
"vera4cast","fcre",2020-06-03 16:20:14,"P1D",1.5,"MixedAlgae_ugL_sample",0.54
"vera4cast","fcre",2020-06-08 15:13:57,"P1D",1.5,"GreenAlgae_ugL_sample",7.1
"vera4cast","fcre",2020-06-08 15:13:57,"P1D",1.5,"Bluegreens_ugL_sample",0.15
"vera4cast","fcre",2020-06-08 15:13:57,"P1D",1.5,"BrownAlgae_ugL_sample",3.8
"vera4cast","fcre",2020-06-08 15:13:57,"P1D",1.5,"MixedAlgae_ugL_sample",0
"vera4cast","fcre",2020-06-12 14:59:00,"P1D",1.5,"GreenAlgae_ugL_sample",4.71
"vera4cast","fcre",2020-06-12 14:59:00,"P1D",1.5,"Bluegreens_ugL_sample",0
"vera4cast","fcre",2020-06-12 14:59:00,"P1D",1.5,"BrownAlgae_ugL_sample",1.98
"vera4cast","fcre",2020-06-12 14:59:00,"P1D",1.5,"MixedAlgae_ugL_sample",0
"vera4cast","fcre",2020-06-22 14:43:55,"P1D",1.5,"GreenAlgae_ugL_sample",5.86
"vera4cast","fcre",2020-06-22 14:43:55,"P1D",1.5,"Bluegreens_ugL_sample",2.07
"vera4cast","fcre",2020-06-22 14:43:55,"P1D",1.5,"BrownAlgae_ugL_sample",11.54
"vera4cast","fcre",2020-06-22 14:43:55,"P1D",1.5,"MixedAlgae_ugL_sample",0
"vera4cast","fcre",2020-06-25 14:54:52,"P1D",1.5,"GreenAlgae_ugL_sample",5.47
"vera4cast","fcre",2020-06-25 14:54:52,"P1D",1.5,"Bluegreens_ugL_sample",0.92
"vera4cast","fcre",2020-06-25 14:54:52,"P1D",1.5,"BrownAlgae_ugL_sample",3.7
"vera4cast","fcre",2020-06-25 14:54:52,"P1D",1.5,"MixedAlgae_ugL_sample",0
"vera4cast","fcre",2020-06-29 12:33:49,"P1D",1.5,"GreenAlgae_ugL_sample",6.12
"vera4cast","fcre",2020-06-29 12:33:49,"P1D",1.5,"Bluegreens_ugL_sample",1.69
"vera4cast","fcre",2020-06-29 12:33:49,"P1D",1.5,"BrownAlgae_ugL_sample",2.17
"vera4cast","fcre",2020-06-29 12:33:49,"P1D",1.5,"MixedAlgae_ugL_sample",0
"vera4cast","fcre",2020-07-30 19:20:33,"P1D",1.5,"GreenAlgae_ugL_sample",0.88
"vera4cast","fcre",2020-07-30 19:20:33,"P1D",1.5,"Bluegreens_ugL_sample",10.09
"vera4cast","fcre",2020-07-30 19:20:33,"P1D",1.5,"BrownAlgae_ugL_sample",1.37
"vera4cast","fcre",2020-07-30 19:20:33,"P1D",1.5,"MixedAlgae_ugL_sample",0
"vera4cast","fcre",2020-08-03 14:54:38,"P1D",1.5,"GreenAlgae_ugL_sample",0.2
"vera4cast","fcre",2020-08-03 14:54:38,"P1D",1.5,"Bluegreens_ugL_sample",6.93
"vera4cast","fcre",2020-08-03 14:54:38,"P1D",1.5,"BrownAlgae_ugL_sample",1.92
"vera4cast","fcre",2020-08-03 14:54:38,"P1D",1.5,"MixedAlgae_ugL_sample",0
"vera4cast","fcre",2020-08-06 14:51:38,"P1D",1.5,"GreenAlgae_ugL_sample",2.02
"vera4cast","fcre",2020-08-06 14:51:38,"P1D",1.5,"Bluegreens_ugL_sample",27.82
"vera4cast","fcre",2020-08-06 14:51:38,"P1D",1.5,"BrownAlgae_ugL_sample",3.38
"vera4cast","fcre",2020-08-06 14:51:38,"P1D",1.5,"MixedAlgae_ugL_sample",0
"vera4cast","fcre",2020-08-10 15:08:24,"P1D",1.5,"GreenAlgae_ugL_sample",3.34
"vera4cast","fcre",2020-08-10 15:08:24,"P1D",1.5,"Bluegreens_ugL_sample",8.14
"vera4cast","fcre",2020-08-10 15:08:24,"P1D",1.5,"BrownAlgae_ugL_sample",2.86
"vera4cast","fcre",2020-08-10 15:08:24,"P1D",1.5,"MixedAlgae_ugL_sample",1.67
"vera4cast","fcre",2020-08-17 14:10:41,"P1D",1.5,"GreenAlgae_ugL_sample",5.82
"vera4cast","fcre",2020-08-17 14:10:41,"P1D",1.5,"Bluegreens_ugL_sample",20.11
"vera4cast","fcre",2020-08-17 14:10:41,"P1D",1.5,"BrownAlgae_ugL_sample",2.19
"vera4cast","fcre",2020-08-17 14:10:41,"P1D",1.5,"MixedAlgae_ugL_sample",0
"vera4cast","fcre",2020-08-24 15:53:03,"P1D",1.5,"GreenAlgae_ugL_sample",17.93
"vera4cast","fcre",2020-08-24 15:53:03,"P1D",1.5,"Bluegreens_ugL_sample",8.51
"vera4cast","fcre",2020-08-24 15:53:03,"P1D",1.5,"BrownAlgae_ugL_sample",4.73
"vera4cast","fcre",2020-08-24 15:53:03,"P1D",1.5,"MixedAlgae_ugL_sample",0
"vera4cast","fcre",2020-09-02 21:14:46,"P1D",1.5,"GreenAlgae_ugL_sample",7.77
"vera4cast","fcre",2020-09-02 21:14:46,"P1D",1.5,"Bluegreens_ugL_sample",11.75
"vera4cast","fcre",2020-09-02 21:14:46,"P1D",1.5,"BrownAlgae_ugL_sample",5.47
"vera4cast","fcre",2020-09-02 21:14:46,"P1D",1.5,"MixedAlgae_ugL_sample",0
"vera4cast","fcre",2020-09-11 13:39:31,"P1D",1.5,"GreenAlgae_ugL_sample",2.64
"vera4cast","fcre",2020-09-11 13:39:31,"P1D",1.5,"Bluegreens_ugL_sample",14.03
"vera4cast","fcre",2020-09-11 13:39:31,"P1D",1.5,"BrownAlgae_ugL_sample",19.87
"vera4cast","fcre",2020-09-11 13:39:31,"P1D",1.5,"MixedAlgae_ugL_sample",21.01
"vera4cast","fcre",2020-09-15 13:00:10,"P1D",1.5,"GreenAlgae_ugL_sample",19.29
"vera4cast","fcre",2020-09-15 13:00:10,"P1D",1.5,"Bluegreens_ugL_sample",55.25
"vera4cast","fcre",2020-09-15 13:00:10,"P1D",1.5,"BrownAlgae_ugL_sample",0.1
"vera4cast","fcre",2020-09-15 13:00:10,"P1D",1.5,"MixedAlgae_ugL_sample",0
"vera4cast","fcre",2020-09-21 15:11:17,"P1D",1.5,"GreenAlgae_ugL_sample",8.82
"vera4cast","fcre",2020-09-21 15:11:17,"P1D",1.5,"Bluegreens_ugL_sample",48.2
"vera4cast","fcre",2020-09-21 15:11:17,"P1D",1.5,"BrownAlgae_ugL_sample",0
"vera4cast","fcre",2020-09-21 15:11:17,"P1D",1.5,"MixedAlgae_ugL_sample",0
"vera4cast","fcre",2020-09-30 14:39:35,"P1D",1.5,"GreenAlgae_ugL_sample",5.14
"vera4cast","fcre",2020-09-30 14:39:35,"P1D",1.5,"Bluegreens_ugL_sample",46.42
"vera4cast","fcre",2020-09-30 14:39:35,"P1D",1.5,"BrownAlgae_ugL_sample",0
"vera4cast","fcre",2020-09-30 14:39:35,"P1D",1.5,"MixedAlgae_ugL_sample",0
"vera4cast","fcre",2020-10-06 18:16:51,"P1D",1.5,"GreenAlgae_ugL_sample",6.1
"vera4cast","fcre",2020-10-06 18:16:51,"P1D",1.5,"Bluegreens_ugL_sample",51.34
"vera4cast","fcre",2020-10-06 18:16:51,"P1D",1.5,"BrownAlgae_ugL_sample",0
"vera4cast","fcre",2020-10-06 18:16:51,"P1D",1.5,"MixedAlgae_ugL_sample",0
"vera4cast","fcre",2020-10-13 15:53:44,"P1D",1.5,"GreenAlgae_ugL_sample",8.09
"vera4cast","fcre",2020-10-13 15:53:44,"P1D",1.5,"Bluegreens_ugL_sample",58.16
"vera4cast","fcre",2020-10-13 15:53:44,"P1D",1.5,"BrownAlgae_ugL_sample",0
"vera4cast","fcre",2020-10-13 15:53:44,"P1D",1.5,"MixedAlgae_ugL_sample",0
"vera4cast","fcre",2020-10-19 16:41:05,"P1D",1.5,"GreenAlgae_ugL_sample",5.4
"vera4cast","fcre",2020-10-19 16:41:05,"P1D",1.5,"Bluegreens_ugL_sample",29.12
"vera4cast","fcre",2020-10-19 16:41:05,"P1D",1.5,"BrownAlgae_ugL_sample",4.04
"vera4cast","fcre",2020-10-19 16:41:05,"P1D",1.5,"MixedAlgae_ugL_sample",0
"vera4cast","fcre",2020-10-28 15:06:12,"P1D",1.5,"GreenAlgae_ugL_sample",4.94
"vera4cast","fcre",2020-10-28 15:06:12,"P1D",1.5,"Bluegreens_ugL_sample",14.88
"vera4cast","fcre",2020-10-28 15:06:12,"P1D",1.5,"BrownAlgae_ugL_sample",5.61
"vera4cast","fcre",2020-10-28 15:06:12,"P1D",1.5,"MixedAlgae_ugL_sample",3.88
"vera4cast","fcre",2020-11-02 20:01:05,"P1D",1.5,"GreenAlgae_ugL_sample",6.83
"vera4cast","fcre",2020-11-02 20:01:05,"P1D",1.5,"Bluegreens_ugL_sample",9.52
"vera4cast","fcre",2020-11-02 20:01:05,"P1D",1.5,"BrownAlgae_ugL_sample",3.16
"vera4cast","fcre",2020-11-02 20:01:05,"P1D",1.5,"MixedAlgae_ugL_sample",4.34
"vera4cast","fcre",2020-11-09 16:16:20,"P1D",1.5,"GreenAlgae_ugL_sample",11.53
"vera4cast","fcre",2020-11-09 16:16:20,"P1D",1.5,"Bluegreens_ugL_sample",9.93
"vera4cast","fcre",2020-11-09 16:16:20,"P1D",1.5,"BrownAlgae_ugL_sample",3.19
"vera4cast","fcre",2020-11-09 16:16:20,"P1D",1.5,"MixedAlgae_ugL_sample",11.99
"vera4cast","fcre",2020-12-02 18:30:26,"P1D",1.5,"GreenAlgae_ugL_sample",6.15
"vera4cast","fcre",2020-12-02 18:30:26,"P1D",1.5,"Bluegreens_ugL_sample",2.26
"vera4cast","fcre",2020-12-02 18:30:26,"P1D",1.5,"BrownAlgae_ugL_sample",1.93
"vera4cast","fcre",2020-12-02 18:30:26,"P1D",1.5,"MixedAlgae_ugL_sample",3.6
"vera4cast","fcre",2021-03-22 16:19:48,"P1D",1.5,"GreenAlgae_ugL_sample",8.9
"vera4cast","fcre",2021-03-22 16:19:48,"P1D",1.5,"Bluegreens_ugL_sample",0
"vera4cast","fcre",2021-03-22 16:19:48,"P1D",1.5,"BrownAlgae_ugL_sample",5.67
"vera4cast","fcre",2021-03-22 16:19:48,"P1D",1.5,"MixedAlgae_ugL_sample",0
"vera4cast","fcre",2021-04-16 17:31:01,"P1D",1.5,"GreenAlgae_ugL_sample",16.85
"vera4cast","fcre",2021-04-16 17:31:01,"P1D",1.5,"Bluegreens_ugL_sample",0
"vera4cast","fcre",2021-04-16 17:31:01,"P1D",1.5,"BrownAlgae_ugL_sample",5.15
"vera4cast","fcre",2021-04-16 17:31:01,"P1D",1.5,"MixedAlgae_ugL_sample",0
"vera4cast","fcre",2021-04-26 18:41:46,"P1D",1.5,"GreenAlgae_ugL_sample",20.33
"vera4cast","fcre",2021-04-26 18:41:46,"P1D",1.5,"Bluegreens_ugL_sample",0
"vera4cast","fcre",2021-04-26 18:41:46,"P1D",1.5,"BrownAlgae_ugL_sample",2.95
"vera4cast","fcre",2021-04-26 18:41:46,"P1D",1.5,"MixedAlgae_ugL_sample",0
"vera4cast","fcre",2021-05-06 15:01:48,"P1D",1.5,"GreenAlgae_ugL_sample",8.61
"vera4cast","fcre",2021-05-06 15:01:48,"P1D",1.5,"Bluegreens_ugL_sample",1.06
"vera4cast","fcre",2021-05-06 15:01:48,"P1D",1.5,"BrownAlgae_ugL_sample",2.58
"vera4cast","fcre",2021-05-06 15:01:48,"P1D",1.5,"MixedAlgae_ugL_sample",0
"vera4cast","fcre",2021-05-14 17:54:05,"P1D",1.5,"GreenAlgae_ugL_sample",10.17
"vera4cast","fcre",2021-05-14 17:54:05,"P1D",1.5,"Bluegreens_ugL_sample",2.36
"vera4cast","fcre",2021-05-14 17:54:05,"P1D",1.5,"BrownAlgae_ugL_sample",6.76
"vera4cast","fcre",2021-05-14 17:54:05,"P1D",1.5,"MixedAlgae_ugL_sample",0
"vera4cast","fcre",2021-05-24 16:51:27,"P1D",1.5,"GreenAlgae_ugL_sample",6.55
"vera4cast","fcre",2021-05-24 16:51:27,"P1D",1.5,"Bluegreens_ugL_sample",11.91
"vera4cast","fcre",2021-05-24 16:51:27,"P1D",1.5,"BrownAlgae_ugL_sample",3.36
"vera4cast","fcre",2021-05-24 16:51:27,"P1D",1.5,"MixedAlgae_ugL_sample",0
"vera4cast","fcre",2021-05-31 16:58:08,"P1D",1.5,"GreenAlgae_ugL_sample",9.75
"vera4cast","fcre",2021-05-31 16:58:08,"P1D",1.5,"Bluegreens_ugL_sample",37
"vera4cast","fcre",2021-05-31 16:58:08,"P1D",1.5,"BrownAlgae_ugL_sample",3.93
"vera4cast","fcre",2021-05-31 16:58:08,"P1D",1.5,"MixedAlgae_ugL_sample",0
"vera4cast","fcre",2021-06-07 15:20:14,"P1D",1.5,"GreenAlgae_ugL_sample",0
"vera4cast","fcre",2021-06-07 15:20:14,"P1D",1.5,"Bluegreens_ugL_sample",2.08
"vera4cast","fcre",2021-06-07 15:20:14,"P1D",1.5,"BrownAlgae_ugL_sample",1.5
"vera4cast","fcre",2021-06-07 15:20:14,"P1D",1.5,"MixedAlgae_ugL_sample",0.54
"vera4cast","fcre",2021-06-15 15:10:35,"P1D",1.5,"GreenAlgae_ugL_sample",0
"vera4cast","fcre",2021-06-15 15:10:35,"P1D",1.5,"Bluegreens_ugL_sample",1.4
"vera4cast","fcre",2021-06-15 15:10:35,"P1D",1.5,"BrownAlgae_ugL_sample",0.04
"vera4cast","fcre",2021-06-15 15:10:35,"P1D",1.5,"MixedAlgae_ugL_sample",0.29
"vera4cast","fcre",2021-06-21 14:14:44,"P1D",1.5,"GreenAlgae_ugL_sample",0.72
"vera4cast","fcre",2021-06-21 14:14:44,"P1D",1.5,"Bluegreens_ugL_sample",7.4
"vera4cast","fcre",2021-06-21 14:14:44,"P1D",1.5,"BrownAlgae_ugL_sample",1.18
"vera4cast","fcre",2021-06-21 14:14:44,"P1D",1.5,"MixedAlgae_ugL_sample",0.12
"vera4cast","fcre",2021-06-28 19:16:05,"P1D",1.5,"GreenAlgae_ugL_sample",0.04
"vera4cast","fcre",2021-06-28 19:16:05,"P1D",1.5,"Bluegreens_ugL_sample",4.63
"vera4cast","fcre",2021-06-28 19:16:05,"P1D",1.5,"BrownAlgae_ugL_sample",3.39
"vera4cast","fcre",2021-06-28 19:16:05,"P1D",1.5,"MixedAlgae_ugL_sample",2.35
"vera4cast","fcre",2021-07-07 19:53:57,"P1D",1.5,"GreenAlgae_ugL_sample",5.49
"vera4cast","fcre",2021-07-07 19:53:57,"P1D",1.5,"Bluegreens_ugL_sample",2.78
"vera4cast","fcre",2021-07-07 19:53:57,"P1D",1.5,"BrownAlgae_ugL_sample",1.34
"vera4cast","fcre",2021-07-07 19:53:57,"P1D",1.5,"MixedAlgae_ugL_sample",1.15
"vera4cast","fcre",2021-07-12 14:08:29,"P1D",1.5,"GreenAlgae_ugL_sample",15.7
"vera4cast","fcre",2021-07-12 14:08:29,"P1D",1.5,"Bluegreens_ugL_sample",7.23
"vera4cast","fcre",2021-07-12 14:08:29,"P1D",1.5,"BrownAlgae_ugL_sample",1.39
"vera4cast","fcre",2021-07-12 14:08:29,"P1D",1.5,"MixedAlgae_ugL_sample",0
"vera4cast","fcre",2021-07-26 17:37:47,"P1D",1.5,"GreenAlgae_ugL_sample",13.05
"vera4cast","fcre",2021-07-26 17:37:47,"P1D",1.5,"Bluegreens_ugL_sample",14.47
"vera4cast","fcre",2021-07-26 17:37:47,"P1D",1.5,"BrownAlgae_ugL_sample",1.95
"vera4cast","fcre",2021-07-26 17:37:47,"P1D",1.5,"MixedAlgae_ugL_sample",0
"vera4cast","fcre",2021-08-02 14:55:46,"P1D",1.5,"GreenAlgae_ugL_sample",9.57
"vera4cast","fcre",2021-08-02 14:55:46,"P1D",1.5,"Bluegreens_ugL_sample",0
"vera4cast","fcre",2021-08-02 14:55:46,"P1D",1.5,"BrownAlgae_ugL_sample",2.99
"vera4cast","fcre",2021-08-02 14:55:46,"P1D",1.5,"MixedAlgae_ugL_sample",0.22
"vera4cast","fcre",2021-08-09 18:44:53,"P1D",1.5,"GreenAlgae_ugL_sample",10.05
"vera4cast","fcre",2021-08-09 18:44:53,"P1D",1.5,"Bluegreens_ugL_sample",0.7
"vera4cast","fcre",2021-08-09 18:44:53,"P1D",1.5,"BrownAlgae_ugL_sample",4.25
"vera4cast","fcre",2021-08-09 18:44:53,"P1D",1.5,"MixedAlgae_ugL_sample",0.07
"vera4cast","fcre",2021-08-16 15:04:55,"P1D",1.5,"GreenAlgae_ugL_sample",16.54
"vera4cast","fcre",2021-08-16 15:04:55,"P1D",1.5,"Bluegreens_ugL_sample",1.2
"vera4cast","fcre",2021-08-16 15:04:55,"P1D",1.5,"BrownAlgae_ugL_sample",6.79
"vera4cast","fcre",2021-08-16 15:04:55,"P1D",1.5,"MixedAlgae_ugL_sample",0
"vera4cast","fcre",2021-08-23 17:24:09,"P1D",1.5,"GreenAlgae_ugL_sample",12.8
"vera4cast","fcre",2021-08-23 17:24:09,"P1D",1.5,"Bluegreens_ugL_sample",2.85
"vera4cast","fcre",2021-08-23 17:24:09,"P1D",1.5,"BrownAlgae_ugL_sample",2.52
"vera4cast","fcre",2021-08-23 17:24:09,"P1D",1.5,"MixedAlgae_ugL_sample",0
"vera4cast","fcre",2021-08-31 15:18:07,"P1D",1.5,"GreenAlgae_ugL_sample",13.22
"vera4cast","fcre",2021-08-31 15:18:07,"P1D",1.5,"Bluegreens_ugL_sample",7.57
"vera4cast","fcre",2021-08-31 15:18:07,"P1D",1.5,"BrownAlgae_ugL_sample",2.88
"vera4cast","fcre",2021-08-31 15:18:07,"P1D",1.5,"MixedAlgae_ugL_sample",0
"vera4cast","fcre",2021-09-06 18:04:05,"P1D",1.5,"GreenAlgae_ugL_sample",6.97
"vera4cast","fcre",2021-09-06 18:04:05,"P1D",1.5,"Bluegreens_ugL_sample",1.53
"vera4cast","fcre",2021-09-06 18:04:05,"P1D",1.5,"BrownAlgae_ugL_sample",4.06
"vera4cast","fcre",2021-09-06 18:04:05,"P1D",1.5,"MixedAlgae_ugL_sample",0
"vera4cast","fcre",2021-09-14 15:23:48,"P1D",1.5,"GreenAlgae_ugL_sample",8.12
"vera4cast","fcre",2021-09-14 15:23:48,"P1D",1.5,"Bluegreens_ugL_sample",0.82
"vera4cast","fcre",2021-09-14 15:23:48,"P1D",1.5,"BrownAlgae_ugL_sample",5.15
"vera4cast","fcre",2021-09-14 15:23:48,"P1D",1.5,"MixedAlgae_ugL_sample",0
"vera4cast","fcre",2021-09-21 18:12:03,"P1D",1.5,"GreenAlgae_ugL_sample",7.31
"vera4cast","fcre",2021-09-21 18:12:03,"P1D",1.5,"Bluegreens_ugL_sample",1.79
"vera4cast","fcre",2021-09-21 18:12:03,"P1D",1.5,"BrownAlgae_ugL_sample",3.41
"vera4cast","fcre",2021-09-21 18:12:03,"P1D",1.5,"MixedAlgae_ugL_sample",0
"vera4cast","fcre",2021-09-27 16:59:41,"P1D",1.5,"GreenAlgae_ugL_sample",8.58
"vera4cast","fcre",2021-09-27 16:59:41,"P1D",1.5,"Bluegreens_ugL_sample",2.21
"vera4cast","fcre",2021-09-27 16:59:41,"P1D",1.5,"BrownAlgae_ugL_sample",9.78
"vera4cast","fcre",2021-09-27 16:59:41,"P1D",1.5,"MixedAlgae_ugL_sample",0
"vera4cast","fcre",2021-10-04 16:00:26,"P1D",1.5,"GreenAlgae_ugL_sample",9.16
"vera4cast","fcre",2021-10-04 16:00:26,"P1D",1.5,"Bluegreens_ugL_sample",1.86
"vera4cast","fcre",2021-10-04 16:00:26,"P1D",1.5,"BrownAlgae_ugL_sample",2.5
"vera4cast","fcre",2021-10-04 16:00:26,"P1D",1.5,"MixedAlgae_ugL_sample",0
"vera4cast","fcre",2021-10-11 19:10:31,"P1D",1.5,"GreenAlgae_ugL_sample",11.59
"vera4cast","fcre",2021-10-11 19:10:31,"P1D",1.5,"Bluegreens_ugL_sample",3.12
"vera4cast","fcre",2021-10-11 19:10:31,"P1D",1.5,"BrownAlgae_ugL_sample",6.79
"vera4cast","fcre",2021-10-11 19:10:31,"P1D",1.5,"MixedAlgae_ugL_sample",0
"vera4cast","fcre",2021-10-18 15:39:15,"P1D",1.5,"GreenAlgae_ugL_sample",10.1
"vera4cast","fcre",2021-10-18 15:39:15,"P1D",1.5,"Bluegreens_ugL_sample",5.16
"vera4cast","fcre",2021-10-18 15:39:15,"P1D",1.5,"BrownAlgae_ugL_sample",4.87
"vera4cast","fcre",2021-10-18 15:39:15,"P1D",1.5,"MixedAlgae_ugL_sample",0
"vera4cast","fcre",2021-10-25 14:41:09,"P1D",1.5,"GreenAlgae_ugL_sample",9.49
"vera4cast","fcre",2021-10-25 14:41:09,"P1D",1.5,"Bluegreens_ugL_sample",3.19
"vera4cast","fcre",2021-10-25 14:41:09,"P1D",1.5,"BrownAlgae_ugL_sample",4.78
"vera4cast","fcre",2021-10-25 14:41:09,"P1D",1.5,"MixedAlgae_ugL_sample",0
"vera4cast","fcre",2021-11-03 15:22:54,"P1D",1.5,"GreenAlgae_ugL_sample",8.42
"vera4cast","fcre",2021-11-03 15:22:54,"P1D",1.5,"Bluegreens_ugL_sample",1.47
"vera4cast","fcre",2021-11-03 15:22:54,"P1D",1.5,"BrownAlgae_ugL_sample",7.96
"vera4cast","fcre",2021-11-03 15:22:54,"P1D",1.5,"MixedAlgae_ugL_sample",1.16
"vera4cast","fcre",2021-11-08 15:16:00,"P1D",1.5,"GreenAlgae_ugL_sample",6.78
"vera4cast","fcre",2021-11-08 15:16:00,"P1D",1.5,"Bluegreens_ugL_sample",2.34
"vera4cast","fcre",2021-11-08 15:16:00,"P1D",1.5,"BrownAlgae_ugL_sample",17.1
"vera4cast","fcre",2021-11-08 15:16:00,"P1D",1.5,"MixedAlgae_ugL_sample",0.33
"vera4cast","fcre",2021-11-22 18:22:43,"P1D",1.5,"GreenAlgae_ugL_sample",0
"vera4cast","fcre",2021-11-22 18:22:43,"P1D",1.5,"Bluegreens_ugL_sample",3.12
"vera4cast","fcre",2021-11-22 18:22:43,"P1D",1.5,"BrownAlgae_ugL_sample",32.74
"vera4cast","fcre",2021-11-22 18:22:43,"P1D",1.5,"MixedAlgae_ugL_sample",0
"vera4cast","fcre",2021-12-06 18:26:35,"P1D",1.5,"GreenAlgae_ugL_sample",0
"vera4cast","fcre",2021-12-06 18:26:35,"P1D",1.5,"Bluegreens_ugL_sample",2.37
"vera4cast","fcre",2021-12-06 18:26:35,"P1D",1.5,"BrownAlgae_ugL_sample",30.08
"vera4cast","fcre",2021-12-06 18:26:35,"P1D",1.5,"MixedAlgae_ugL_sample",0
"vera4cast","fcre",2022-02-24 18:16:37,"P1D",1.5,"GreenAlgae_ugL_sample",15.58
"vera4cast","fcre",2022-02-24 18:16:37,"P1D",1.5,"Bluegreens_ugL_sample",1.21
"vera4cast","fcre",2022-02-24 18:16:37,"P1D",1.5,"BrownAlgae_ugL_sample",6.12
"vera4cast","fcre",2022-02-24 18:16:37,"P1D",1.5,"MixedAlgae_ugL_sample",0.54
"vera4cast","fcre",2022-03-17 15:31:07,"P1D",1.5,"GreenAlgae_ugL_sample",21.71
"vera4cast","fcre",2022-03-17 15:31:07,"P1D",1.5,"Bluegreens_ugL_sample",0
"vera4cast","fcre",2022-03-17 15:31:07,"P1D",1.5,"BrownAlgae_ugL_sample",5.55
"vera4cast","fcre",2022-03-17 15:31:07,"P1D",1.5,"MixedAlgae_ugL_sample",0
"vera4cast","fcre",2022-03-29 14:47:25,"P1D",1.5,"GreenAlgae_ugL_sample",25.94
"vera4cast","fcre",2022-03-29 14:47:25,"P1D",1.5,"Bluegreens_ugL_sample",0
"vera4cast","fcre",2022-03-29 14:47:25,"P1D",1.5,"BrownAlgae_ugL_sample",8.15
"vera4cast","fcre",2022-03-29 14:47:25,"P1D",1.5,"MixedAlgae_ugL_sample",0
"vera4cast","fcre",2022-04-12 14:35:13,"P1D",1.5,"GreenAlgae_ugL_sample",22.12
"vera4cast","fcre",2022-04-12 14:35:13,"P1D",1.5,"Bluegreens_ugL_sample",0
"vera4cast","fcre",2022-04-12 14:35:13,"P1D",1.5,"BrownAlgae_ugL_sample",1.68
"vera4cast","fcre",2022-04-12 14:35:13,"P1D",1.5,"MixedAlgae_ugL_sample",0.4
"vera4cast","fcre",2022-04-19 14:28:29,"P1D",1.5,"GreenAlgae_ugL_sample",19.77
"vera4cast","fcre",2022-04-19 14:28:29,"P1D",1.5,"Bluegreens_ugL_sample",0
"vera4cast","fcre",2022-04-19 14:28:29,"P1D",1.5,"BrownAlgae_ugL_sample",2.4
"vera4cast","fcre",2022-04-19 14:28:29,"P1D",1.5,"MixedAlgae_ugL_sample",0
"vera4cast","fcre",2022-05-02 18:52:03,"P1D",1.5,"GreenAlgae_ugL_sample",37.71
"vera4cast","fcre",2022-05-02 18:52:03,"P1D",1.5,"Bluegreens_ugL_sample",0
"vera4cast","fcre",2022-05-02 18:52:03,"P1D",1.5,"BrownAlgae_ugL_sample",0.63
"vera4cast","fcre",2022-05-02 18:52:03,"P1D",1.5,"MixedAlgae_ugL_sample",0
"vera4cast","fcre",2022-05-09 18:44:40,"P1D",1.5,"GreenAlgae_ugL_sample",23.9
"vera4cast","fcre",2022-05-09 18:44:40,"P1D",1.5,"Bluegreens_ugL_sample",1.34
"vera4cast","fcre",2022-05-09 18:44:40,"P1D",1.5,"BrownAlgae_ugL_sample",1.98
"vera4cast","fcre",2022-05-09 18:44:40,"P1D",1.5,"MixedAlgae_ugL_sample",0
"vera4cast","fcre",2022-05-17 19:57:25,"P1D",1.5,"GreenAlgae_ugL_sample",14.62
"vera4cast","fcre",2022-05-17 19:57:25,"P1D",1.5,"Bluegreens_ugL_sample",9.37
"vera4cast","fcre",2022-05-17 19:57:25,"P1D",1.5,"BrownAlgae_ugL_sample",4.77
"vera4cast","fcre",2022-05-17 19:57:25,"P1D",1.5,"MixedAlgae_ugL_sample",0
"vera4cast","fcre",2022-05-23 19:08:26,"P1D",1.5,"GreenAlgae_ugL_sample",12.32
"vera4cast","fcre",2022-05-23 19:08:26,"P1D",1.5,"Bluegreens_ugL_sample",21.13
"vera4cast","fcre",2022-05-23 19:08:26,"P1D",1.5,"BrownAlgae_ugL_sample",4.9
"vera4cast","fcre",2022-05-23 19:08:26,"P1D",1.5,"MixedAlgae_ugL_sample",0
"vera4cast","fcre",2022-05-25 18:08:15,"P1D",1.5,"GreenAlgae_ugL_sample",10.89
"vera4cast","fcre",2022-05-25 18:08:15,"P1D",1.5,"Bluegreens_ugL_sample",19.86
"vera4cast","fcre",2022-05-25 18:08:15,"P1D",1.5,"BrownAlgae_ugL_sample",4.2
"vera4cast","fcre",2022-05-25 18:08:15,"P1D",1.5,"MixedAlgae_ugL_sample",0
"vera4cast","fcre",2022-05-31 14:06:54,"P1D",1.5,"GreenAlgae_ugL_sample",10.09
"vera4cast","fcre",2022-05-31 14:06:54,"P1D",1.5,"Bluegreens_ugL_sample",23.04
"vera4cast","fcre",2022-05-31 14:06:54,"P1D",1.5,"BrownAlgae_ugL_sample",3.86
"vera4cast","fcre",2022-05-31 14:06:54,"P1D",1.5,"MixedAlgae_ugL_sample",0
"vera4cast","fcre",2022-06-07 18:20:37,"P1D",1.5,"GreenAlgae_ugL_sample",14.84
"vera4cast","fcre",2022-06-07 18:20:37,"P1D",1.5,"Bluegreens_ugL_sample",54.08
"vera4cast","fcre",2022-06-07 18:20:37,"P1D",1.5,"BrownAlgae_ugL_sample",8.52
"vera4cast","fcre",2022-06-07 18:20:37,"P1D",1.5,"MixedAlgae_ugL_sample",0
"vera4cast","fcre",2022-06-13 19:06:33,"P1D",1.5,"GreenAlgae_ugL_sample",6.15
"vera4cast","fcre",2022-06-13 19:06:33,"P1D",1.5,"Bluegreens_ugL_sample",31.11
"vera4cast","fcre",2022-06-13 19:06:33,"P1D",1.5,"BrownAlgae_ugL_sample",5.15
"vera4cast","fcre",2022-06-13 19:06:33,"P1D",1.5,"MixedAlgae_ugL_sample",0
"vera4cast","fcre",2022-06-15 17:46:37,"P1D",1.5,"GreenAlgae_ugL_sample",9.03
"vera4cast","fcre",2022-06-15 17:46:37,"P1D",1.5,"Bluegreens_ugL_sample",39.54
"vera4cast","fcre",2022-06-15 17:46:37,"P1D",1.5,"BrownAlgae_ugL_sample",3.85
"vera4cast","fcre",2022-06-15 17:46:37,"P1D",1.5,"MixedAlgae_ugL_sample",0
"vera4cast","fcre",2022-06-20 19:36:07,"P1D",1.5,"GreenAlgae_ugL_sample",3.84
"vera4cast","fcre",2022-06-20 19:36:07,"P1D",1.5,"Bluegreens_ugL_sample",34.26
"vera4cast","fcre",2022-06-20 19:36:07,"P1D",1.5,"BrownAlgae_ugL_sample",0
"vera4cast","fcre",2022-06-20 19:36:07,"P1D",1.5,"MixedAlgae_ugL_sample",0
"vera4cast","fcre",2022-06-27 17:47:43,"P1D",1.5,"GreenAlgae_ugL_sample",0
"vera4cast","fcre",2022-06-27 17:47:43,"P1D",1.5,"Bluegreens_ugL_sample",9.5
"vera4cast","fcre",2022-06-27 17:47:43,"P1D",1.5,"BrownAlgae_ugL_sample",1.1
"vera4cast","fcre",2022-06-27 17:47:43,"P1D",1.5,"MixedAlgae_ugL_sample",0
"vera4cast","fcre",2022-07-01 14:49:22,"P1D",1.5,"GreenAlgae_ugL_sample",0.08
"vera4cast","fcre",2022-07-01 14:49:22,"P1D",1.5,"Bluegreens_ugL_sample",2.2
"vera4cast","fcre",2022-07-01 14:49:22,"P1D",1.5,"BrownAlgae_ugL_sample",0.66
"vera4cast","fcre",2022-07-01 14:49:22,"P1D",1.5,"MixedAlgae_ugL_sample",0.36
"vera4cast","fcre",2022-07-05 18:51:29,"P1D",1.5,"GreenAlgae_ugL_sample",0.5
"vera4cast","fcre",2022-07-05 18:51:29,"P1D",1.5,"Bluegreens_ugL_sample",4.16
"vera4cast","fcre",2022-07-05 18:51:29,"P1D",1.5,"BrownAlgae_ugL_sample",2.23
"vera4cast","fcre",2022-07-05 18:51:29,"P1D",1.5,"MixedAlgae_ugL_sample",2.72
"vera4cast","fcre",2022-07-11 18:25:39,"P1D",1.5,"GreenAlgae_ugL_sample",0.23
"vera4cast","fcre",2022-07-11 18:25:39,"P1D",1.5,"Bluegreens_ugL_sample",12.51
"vera4cast","fcre",2022-07-11 18:25:39,"P1D",1.5,"BrownAlgae_ugL_sample",6.65
"vera4cast","fcre",2022-07-11 18:25:39,"P1D",1.5,"MixedAlgae_ugL_sample",1.38
"vera4cast","fcre",2022-07-18 17:57:18,"P1D",1.5,"GreenAlgae_ugL_sample",6.54
"vera4cast","fcre",2022-07-18 17:57:18,"P1D",1.5,"Bluegreens_ugL_sample",4.13
"vera4cast","fcre",2022-07-18 17:57:18,"P1D",1.5,"BrownAlgae_ugL_sample",3.03
"vera4cast","fcre",2022-07-18 17:57:18,"P1D",1.5,"MixedAlgae_ugL_sample",9.02
"vera4cast","fcre",2022-07-25 16:50:14,"P1D",1.5,"GreenAlgae_ugL_sample",9.39
"vera4cast","fcre",2022-07-25 16:50:14,"P1D",1.5,"Bluegreens_ugL_sample",1.27
"vera4cast","fcre",2022-07-25 16:50:14,"P1D",1.5,"BrownAlgae_ugL_sample",3.1
"vera4cast","fcre",2022-07-25 16:50:14,"P1D",1.5,"MixedAlgae_ugL_sample",0.94
"vera4cast","fcre",2022-08-01 17:12:36,"P1D",1.5,"GreenAlgae_ugL_sample",6.01
"vera4cast","fcre",2022-08-01 17:12:36,"P1D",1.5,"Bluegreens_ugL_sample",5.08
"vera4cast","fcre",2022-08-01 17:12:36,"P1D",1.5,"BrownAlgae_ugL_sample",10.18
"vera4cast","fcre",2022-08-01 17:12:36,"P1D",1.5,"MixedAlgae_ugL_sample",0
"vera4cast","fcre",2022-08-08 17:19:35,"P1D",1.5,"GreenAlgae_ugL_sample",8.28
"vera4cast","fcre",2022-08-08 17:19:35,"P1D",1.5,"Bluegreens_ugL_sample",5.14
"vera4cast","fcre",2022-08-08 17:19:35,"P1D",1.5,"BrownAlgae_ugL_sample",5.05
"vera4cast","fcre",2022-08-08 17:19:35,"P1D",1.5,"MixedAlgae_ugL_sample",0
"vera4cast","fcre",2022-08-18 17:27:35,"P1D",1.5,"GreenAlgae_ugL_sample",15.74
"vera4cast","fcre",2022-08-18 17:27:35,"P1D",1.5,"Bluegreens_ugL_sample",2.92
"vera4cast","fcre",2022-08-18 17:27:35,"P1D",1.5,"BrownAlgae_ugL_sample",5.76
"vera4cast","fcre",2022-08-18 17:27:35,"P1D",1.5,"MixedAlgae_ugL_sample",0
"vera4cast","fcre",2022-08-29 14:27:19,"P1D",1.5,"GreenAlgae_ugL_sample",9.66
"vera4cast","fcre",2022-08-29 14:27:19,"P1D",1.5,"Bluegreens_ugL_sample",1.08
"vera4cast","fcre",2022-08-29 14:27:19,"P1D",1.5,"BrownAlgae_ugL_sample",6.06
"vera4cast","fcre",2022-08-29 14:27:19,"P1D",1.5,"MixedAlgae_ugL_sample",0
"vera4cast","fcre",2022-09-05 17:46:26,"P1D",1.5,"GreenAlgae_ugL_sample",14.64
"vera4cast","fcre",2022-09-05 17:46:26,"P1D",1.5,"Bluegreens_ugL_sample",0.27
"vera4cast","fcre",2022-09-05 17:46:26,"P1D",1.5,"BrownAlgae_ugL_sample",6.57
"vera4cast","fcre",2022-09-05 17:46:26,"P1D",1.5,"MixedAlgae_ugL_sample",0
"vera4cast","fcre",2022-09-13 14:46:46,"P1D",1.5,"GreenAlgae_ugL_sample",12.72
"vera4cast","fcre",2022-09-13 14:46:46,"P1D",1.5,"Bluegreens_ugL_sample",0.72
"vera4cast","fcre",2022-09-13 14:46:46,"P1D",1.5,"BrownAlgae_ugL_sample",4.76
"vera4cast","fcre",2022-09-13 14:46:46,"P1D",1.5,"MixedAlgae_ugL_sample",0
"vera4cast","fcre",2022-09-19 17:31:08,"P1D",1.5,"GreenAlgae_ugL_sample",19.38
"vera4cast","fcre",2022-09-19 17:31:08,"P1D",1.5,"Bluegreens_ugL_sample",0
"vera4cast","fcre",2022-09-19 17:31:08,"P1D",1.5,"BrownAlgae_ugL_sample",8.39
"vera4cast","fcre",2022-09-19 17:31:08,"P1D",1.5,"MixedAlgae_ugL_sample",0
"vera4cast","fcre",2022-09-26 16:02:49,"P1D",1.5,"GreenAlgae_ugL_sample",12.67
"vera4cast","fcre",2022-09-26 16:02:49,"P1D",1.5,"Bluegreens_ugL_sample",2.13
"vera4cast","fcre",2022-09-26 16:02:49,"P1D",1.5,"BrownAlgae_ugL_sample",6.23
"vera4cast","fcre",2022-09-26 16:02:49,"P1D",1.5,"MixedAlgae_ugL_sample",0
"vera4cast","fcre",2022-10-03 14:52:06,"P1D",1.5,"GreenAlgae_ugL_sample",9.26
"vera4cast","fcre",2022-10-03 14:52:06,"P1D",1.5,"Bluegreens_ugL_sample",4.15
"vera4cast","fcre",2022-10-03 14:52:06,"P1D",1.5,"BrownAlgae_ugL_sample",4.17
"vera4cast","fcre",2022-10-03 14:52:06,"P1D",1.5,"MixedAlgae_ugL_sample",0
"vera4cast","fcre",2022-10-11 17:54:43,"P1D",1.5,"GreenAlgae_ugL_sample",11.56
"vera4cast","fcre",2022-10-11 17:54:43,"P1D",1.5,"Bluegreens_ugL_sample",4.26
"vera4cast","fcre",2022-10-11 17:54:43,"P1D",1.5,"BrownAlgae_ugL_sample",3.7
"vera4cast","fcre",2022-10-11 17:54:43,"P1D",1.5,"MixedAlgae_ugL_sample",0
"vera4cast","fcre",2022-10-17 14:42:40,"P1D",1.5,"GreenAlgae_ugL_sample",10.7
"vera4cast","fcre",2022-10-17 14:42:40,"P1D",1.5,"Bluegreens_ugL_sample",3.01
"vera4cast","fcre",2022-10-17 14:42:40,"P1D",1.5,"BrownAlgae_ugL_sample",4.41
"vera4cast","fcre",2022-10-17 14:42:40,"P1D",1.5,"MixedAlgae_ugL_sample",0.7
"vera4cast","fcre",2022-10-24 19:11:53,"P1D",1.5,"GreenAlgae_ugL_sample",9.58
"vera4cast","fcre",2022-10-24 19:11:53,"P1D",1.5,"Bluegreens_ugL_sample",2.23
"vera4cast","fcre",2022-10-24 19:11:53,"P1D",1.5,"BrownAlgae_ugL_sample",5.02
"vera4cast","fcre",2022-10-24 19:11:53,"P1D",1.5,"MixedAlgae_ugL_sample",0
"vera4cast","fcre",2022-11-08 19:33:30,"P1D",1.5,"GreenAlgae_ugL_sample",12.78
"vera4cast","fcre",2022-11-08 19:33:30,"P1D",1.5,"Bluegreens_ugL_sample",1.37
"vera4cast","fcre",2022-11-08 19:33:30,"P1D",1.5,"BrownAlgae_ugL_sample",12.58
"vera4cast","fcre",2022-11-08 19:33:30,"P1D",1.5,"MixedAlgae_ugL_sample",1.53
"vera4cast","fcre",2022-11-16 18:38:31,"P1D",1.5,"GreenAlgae_ugL_sample",7.1
"vera4cast","fcre",2022-11-16 18:38:31,"P1D",1.5,"Bluegreens_ugL_sample",2.71
"vera4cast","fcre",2022-11-16 18:38:31,"P1D",1.5,"BrownAlgae_ugL_sample",14.68
"vera4cast","fcre",2022-11-16 18:38:31,"P1D",1.5,"MixedAlgae_ugL_sample",1.79
"vera4cast","fcre",2022-11-28 17:48:52,"P1D",1.5,"GreenAlgae_ugL_sample",6.82
"vera4cast","fcre",2022-11-28 17:48:52,"P1D",1.5,"Bluegreens_ugL_sample",1.97
"vera4cast","fcre",2022-11-28 17:48:52,"P1D",1.5,"BrownAlgae_ugL_sample",6.95
"vera4cast","fcre",2022-11-28 17:48:52,"P1D",1.5,"MixedAlgae_ugL_sample",2.58
"vera4cast","fcre",2022-12-12 16:31:57,"P1D",1.5,"GreenAlgae_ugL_sample",3.31
"vera4cast","fcre",2022-12-12 16:31:57,"P1D",1.5,"Bluegreens_ugL_sample",1.45
"vera4cast","fcre",2022-12-12 16:31:57,"P1D",1.5,"BrownAlgae_ugL_sample",3.32
"vera4cast","fcre",2022-12-12 16:31:57,"P1D",1.5,"MixedAlgae_ugL_sample",1.3
"vera4cast","fcre",2023-01-11 17:45:36,"P1D",1.5,"GreenAlgae_ugL_sample",3.98
"vera4cast","fcre",2023-01-11 17:45:36,"P1D",1.5,"Bluegreens_ugL_sample",1.08
"vera4cast","fcre",2023-01-11 17:45:36,"P1D",1.5,"BrownAlgae_ugL_sample",2.47
"vera4cast","fcre",2023-01-11 17:45:36,"P1D",1.5,"MixedAlgae_ugL_sample",1.87
"vera4cast","fcre",2023-02-03 18:23:24,"P1D",1.5,"GreenAlgae_ugL_sample",2.96
"vera4cast","fcre",2023-02-03 18:23:24,"P1D",1.5,"Bluegreens_ugL_sample",0.4
"vera4cast","fcre",2023-02-03 18:23:24,"P1D",1.5,"BrownAlgae_ugL_sample",2.18
"vera4cast","fcre",2023-02-03 18:23:24,"P1D",1.5,"MixedAlgae_ugL_sample",1.2
"vera4cast","fcre",2023-02-07 19:31:56,"P1D",1.5,"GreenAlgae_ugL_sample",1.58
"vera4cast","fcre",2023-02-07 19:31:56,"P1D",1.5,"Bluegreens_ugL_sample",0.45
"vera4cast","fcre",2023-02-07 19:31:56,"P1D",1.5,"BrownAlgae_ugL_sample",1.65
"vera4cast","fcre",2023-02-07 19:31:56,"P1D",1.5,"MixedAlgae_ugL_sample",0.66
"vera4cast","fcre",2023-03-21 18:58:41,"P1D",1.5,"GreenAlgae_ugL_sample",6.71
"vera4cast","fcre",2023-03-21 18:58:41,"P1D",1.5,"Bluegreens_ugL_sample",0.08
"vera4cast","fcre",2023-03-21 18:58:41,"P1D",1.5,"BrownAlgae_ugL_sample",3.27
"vera4cast","fcre",2023-03-21 18:58:41,"P1D",1.5,"MixedAlgae_ugL_sample",0
"vera4cast","fcre",2023-04-04 14:49:31,"P1D",1.5,"GreenAlgae_ugL_sample",7.52
"vera4cast","fcre",2023-04-04 14:49:31,"P1D",1.5,"Bluegreens_ugL_sample",0
"vera4cast","fcre",2023-04-04 14:49:31,"P1D",1.5,"BrownAlgae_ugL_sample",3.88
"vera4cast","fcre",2023-04-04 14:49:31,"P1D",1.5,"MixedAlgae_ugL_sample",0
"vera4cast","fcre",2023-04-18 15:04:56,"P1D",1.5,"GreenAlgae_ugL_sample",7.92
"vera4cast","fcre",2023-04-18 15:04:56,"P1D",1.5,"Bluegreens_ugL_sample",0
"vera4cast","fcre",2023-04-18 15:04:56,"P1D",1.5,"BrownAlgae_ugL_sample",4.7
"vera4cast","fcre",2023-04-18 15:04:56,"P1D",1.5,"MixedAlgae_ugL_sample",0
"vera4cast","fcre",2023-05-01 17:16:47,"P1D",1.5,"GreenAlgae_ugL_sample",15.46
"vera4cast","fcre",2023-05-01 17:16:47,"P1D",1.5,"Bluegreens_ugL_sample",0
"vera4cast","fcre",2023-05-01 17:16:47,"P1D",1.5,"BrownAlgae_ugL_sample",14.13
"vera4cast","fcre",2023-05-01 17:16:47,"P1D",1.5,"MixedAlgae_ugL_sample",0
"vera4cast","fcre",2023-05-08 18:52:10,"P1D",1.5,"GreenAlgae_ugL_sample",11.96
"vera4cast","fcre",2023-05-08 18:52:10,"P1D",1.5,"Bluegreens_ugL_sample",4.93
"vera4cast","fcre",2023-05-08 18:52:10,"P1D",1.5,"BrownAlgae_ugL_sample",7.3
"vera4cast","fcre",2023-05-08 18:52:10,"P1D",1.5,"MixedAlgae_ugL_sample",0.65
"vera4cast","fcre",2023-05-16 15:17:26,"P1D",1.5,"GreenAlgae_ugL_sample",28.63
"vera4cast","fcre",2023-05-16 15:17:26,"P1D",1.5,"Bluegreens_ugL_sample",3.56
"vera4cast","fcre",2023-05-16 15:17:26,"P1D",1.5,"BrownAlgae_ugL_sample",21.5
"vera4cast","fcre",2023-05-16 15:17:26,"P1D",1.5,"MixedAlgae_ugL_sample",1
"vera4cast","fcre",2023-05-22 18:06:45,"P1D",1.5,"GreenAlgae_ugL_sample",21.67
"vera4cast","fcre",2023-05-22 18:06:45,"P1D",1.5,"Bluegreens_ugL_sample",7.24
"vera4cast","fcre",2023-05-22 18:06:45,"P1D",1.5,"BrownAlgae_ugL_sample",15.68
"vera4cast","fcre",2023-05-22 18:06:45,"P1D",1.5,"MixedAlgae_ugL_sample",3.76
"vera4cast","fcre",2023-05-29 16:45:55,"P1D",1.5,"GreenAlgae_ugL_sample",13.74
"vera4cast","fcre",2023-05-29 16:45:55,"P1D",1.5,"Bluegreens_ugL_sample",11.83
"vera4cast","fcre",2023-05-29 16:45:55,"P1D",1.5,"BrownAlgae_ugL_sample",7.96
"vera4cast","fcre",2023-05-29 16:45:55,"P1D",1.5,"MixedAlgae_ugL_sample",0
"vera4cast","fcre",2023-05-30 19:10:07,"P1D",1.5,"GreenAlgae_ugL_sample",12.82
"vera4cast","fcre",2023-05-30 19:10:07,"P1D",1.5,"Bluegreens_ugL_sample",14.61
"vera4cast","fcre",2023-05-30 19:10:07,"P1D",1.5,"BrownAlgae_ugL_sample",10.24
"vera4cast","fcre",2023-05-30 19:10:07,"P1D",1.5,"MixedAlgae_ugL_sample",0
"vera4cast","fcre",2023-06-05 14:43:55,"P1D",1.5,"GreenAlgae_ugL_sample",13.9
"vera4cast","fcre",2023-06-05 14:43:55,"P1D",1.5,"Bluegreens_ugL_sample",24.19
"vera4cast","fcre",2023-06-05 14:43:55,"P1D",1.5,"BrownAlgae_ugL_sample",10.83
"vera4cast","fcre",2023-06-05 14:43:55,"P1D",1.5,"MixedAlgae_ugL_sample",0
"vera4cast","fcre",2023-06-14 18:57:18,"P1D",1.5,"GreenAlgae_ugL_sample",0.18
"vera4cast","fcre",2023-06-14 18:57:18,"P1D",1.5,"Bluegreens_ugL_sample",14.46
"vera4cast","fcre",2023-06-14 18:57:18,"P1D",1.5,"BrownAlgae_ugL_sample",6.06
"vera4cast","fcre",2023-06-14 18:57:18,"P1D",1.5,"MixedAlgae_ugL_sample",0
"vera4cast","fcre",2023-06-19 17:05:30,"P1D",1.5,"GreenAlgae_ugL_sample",0
"vera4cast","fcre",2023-06-19 17:05:30,"P1D",1.5,"Bluegreens_ugL_sample",3.85
"vera4cast","fcre",2023-06-19 17:05:30,"P1D",1.5,"BrownAlgae_ugL_sample",1.86
"vera4cast","fcre",2023-06-19 17:05:30,"P1D",1.5,"MixedAlgae_ugL_sample",1.56
"vera4cast","fcre",2023-06-26 16:38:50,"P1D",1.5,"GreenAlgae_ugL_sample",0.21
"vera4cast","fcre",2023-06-26 16:38:50,"P1D",1.5,"Bluegreens_ugL_sample",5.8
"vera4cast","fcre",2023-06-26 16:38:50,"P1D",1.5,"BrownAlgae_ugL_sample",0.23
"vera4cast","fcre",2023-06-26 16:38:50,"P1D",1.5,"MixedAlgae_ugL_sample",0
"vera4cast","fcre",2023-07-03 18:09:12,"P1D",1.5,"GreenAlgae_ugL_sample",0
"vera4cast","fcre",2023-07-03 18:09:12,"P1D",1.5,"Bluegreens_ugL_sample",1.36
"vera4cast","fcre",2023-07-03 18:09:12,"P1D",1.5,"BrownAlgae_ugL_sample",0.37
"vera4cast","fcre",2023-07-03 18:09:12,"P1D",1.5,"MixedAlgae_ugL_sample",0.76
"vera4cast","fcre",2023-07-10 17:52:04,"P1D",1.5,"GreenAlgae_ugL_sample",0
"vera4cast","fcre",2023-07-10 17:52:04,"P1D",1.5,"Bluegreens_ugL_sample",2.45
"vera4cast","fcre",2023-07-10 17:52:04,"P1D",1.5,"BrownAlgae_ugL_sample",0.87
"vera4cast","fcre",2023-07-10 17:52:04,"P1D",1.5,"MixedAlgae_ugL_sample",0
"vera4cast","fcre",2023-07-17 16:11:20,"P1D",1.5,"GreenAlgae_ugL_sample",7.37
"vera4cast","fcre",2023-07-17 16:11:20,"P1D",1.5,"Bluegreens_ugL_sample",3.33
"vera4cast","fcre",2023-07-17 16:11:20,"P1D",1.5,"BrownAlgae_ugL_sample",1.22
"vera4cast","fcre",2023-07-17 16:11:20,"P1D",1.5,"MixedAlgae_ugL_sample",9.24
"vera4cast","fcre",2023-07-24 15:00:27,"P1D",1.5,"GreenAlgae_ugL_sample",14.34
"vera4cast","fcre",2023-07-24 15:00:27,"P1D",1.5,"Bluegreens_ugL_sample",3.04
"vera4cast","fcre",2023-07-24 15:00:27,"P1D",1.5,"BrownAlgae_ugL_sample",5.25
"vera4cast","fcre",2023-07-24 15:00:27,"P1D",1.5,"MixedAlgae_ugL_sample",1.1
"vera4cast","fcre",2023-07-31 17:27:53,"P1D",1.5,"GreenAlgae_ugL_sample",34.82
"vera4cast","fcre",2023-07-31 17:27:53,"P1D",1.5,"Bluegreens_ugL_sample",1.73
"vera4cast","fcre",2023-07-31 17:27:53,"P1D",1.5,"BrownAlgae_ugL_sample",4.97
"vera4cast","fcre",2023-07-31 17:27:53,"P1D",1.5,"MixedAlgae_ugL_sample",1.7
"vera4cast","fcre",2023-08-09 14:23:35,"P1D",1.5,"GreenAlgae_ugL_sample",38.8
"vera4cast","fcre",2023-08-09 14:23:35,"P1D",1.5,"Bluegreens_ugL_sample",4.21
"vera4cast","fcre",2023-08-09 14:23:35,"P1D",1.5,"BrownAlgae_ugL_sample",3.64
"vera4cast","fcre",2023-08-09 14:23:35,"P1D",1.5,"MixedAlgae_ugL_sample",0
"vera4cast","fcre",2023-08-14 18:42:00,"P1D",1.5,"GreenAlgae_ugL_sample",20.13
"vera4cast","fcre",2023-08-14 18:42:00,"P1D",1.5,"Bluegreens_ugL_sample",6.08
"vera4cast","fcre",2023-08-14 18:42:00,"P1D",1.5,"BrownAlgae_ugL_sample",6.33
"vera4cast","fcre",2023-08-14 18:42:00,"P1D",1.5,"MixedAlgae_ugL_sample",0
"vera4cast","fcre",2023-08-22 18:16:12,"P1D",1.5,"GreenAlgae_ugL_sample",23.01
"vera4cast","fcre",2023-08-22 18:16:12,"P1D",1.5,"Bluegreens_ugL_sample",16.78
"vera4cast","fcre",2023-08-22 18:16:12,"P1D",1.5,"BrownAlgae_ugL_sample",6.88
"vera4cast","fcre",2023-08-22 18:16:12,"P1D",1.5,"MixedAlgae_ugL_sample",0
"vera4cast","fcre",2023-08-29 18:47:00,"P1D",1.5,"GreenAlgae_ugL_sample",8.34
"vera4cast","fcre",2023-08-29 18:47:00,"P1D",1.5,"Bluegreens_ugL_sample",9.27
"vera4cast","fcre",2023-08-29 18:47:00,"P1D",1.5,"BrownAlgae_ugL_sample",7.18
"vera4cast","fcre",2023-08-29 18:47:00,"P1D",1.5,"MixedAlgae_ugL_sample",0
"vera4cast","fcre",2023-09-05 18:36:28,"P1D",1.5,"GreenAlgae_ugL_sample",11.26
"vera4cast","fcre",2023-09-05 18:36:28,"P1D",1.5,"Bluegreens_ugL_sample",15.76
"vera4cast","fcre",2023-09-05 18:36:28,"P1D",1.5,"BrownAlgae_ugL_sample",6.09
"vera4cast","fcre",2023-09-05 18:36:28,"P1D",1.5,"MixedAlgae_ugL_sample",0
"vera4cast","fcre",2023-09-12 19:51:06,"P1D",1.5,"GreenAlgae_ugL_sample",5.69
"vera4cast","fcre",2023-09-12 19:51:06,"P1D",1.5,"Bluegreens_ugL_sample",7.37
"vera4cast","fcre",2023-09-12 19:51:06,"P1D",1.5,"BrownAlgae_ugL_sample",5.67
"vera4cast","fcre",2023-09-12 19:51:06,"P1D",1.5,"MixedAlgae_ugL_sample",2.95
"vera4cast","fcre",2023-09-18 18:15:41,"P1D",1.5,"GreenAlgae_ugL_sample",7.56
"vera4cast","fcre",2023-09-18 18:15:41,"P1D",1.5,"Bluegreens_ugL_sample",15.02
"vera4cast","fcre",2023-09-18 18:15:41,"P1D",1.5,"BrownAlgae_ugL_sample",6.94
"vera4cast","fcre",2023-09-18 18:15:41,"P1D",1.5,"MixedAlgae_ugL_sample",0
"vera4cast","fcre",2023-09-25 17:04:39,"P1D",1.5,"GreenAlgae_ugL_sample",6.69
"vera4cast","fcre",2023-09-25 17:04:39,"P1D",1.5,"Bluegreens_ugL_sample",17.38
"vera4cast","fcre",2023-09-25 17:04:39,"P1D",1.5,"BrownAlgae_ugL_sample",6.45
"vera4cast","fcre",2023-09-25 17:04:39,"P1D",1.5,"MixedAlgae_ugL_sample",0
"vera4cast","fcre",2023-10-03 17:43:52,"P1D",1.5,"GreenAlgae_ugL_sample",8.91
"vera4cast","fcre",2023-10-03 17:43:52,"P1D",1.5,"Bluegreens_ugL_sample",8.93
"vera4cast","fcre",2023-10-03 17:43:52,"P1D",1.5,"BrownAlgae_ugL_sample",6.89
"vera4cast","fcre",2023-10-03 17:43:52,"P1D",1.5,"MixedAlgae_ugL_sample",0
"vera4cast","fcre",2023-10-17 18:56:24,"P1D",1.5,"GreenAlgae_ugL_sample",12.84
"vera4cast","fcre",2023-10-17 18:56:24,"P1D",1.5,"Bluegreens_ugL_sample",2.03
"vera4cast","fcre",2023-10-17 18:56:24,"P1D",1.5,"BrownAlgae_ugL_sample",7.14
"vera4cast","fcre",2023-10-17 18:56:24,"P1D",1.5,"MixedAlgae_ugL_sample",0
"vera4cast","fcre",2023-10-24 19:18:42,"P1D",1.5,"GreenAlgae_ugL_sample",14.88
"vera4cast","fcre",2023-10-24 19:18:42,"P1D",1.5,"Bluegreens_ugL_sample",2.09
"vera4cast","fcre",2023-10-24 19:18:42,"P1D",1.5,"BrownAlgae_ugL_sample",17.01
"vera4cast","fcre",2023-10-24 19:18:42,"P1D",1.5,"MixedAlgae_ugL_sample",0
"vera4cast","fcre",2023-10-31 17:46:37,"P1D",1.5,"GreenAlgae_ugL_sample",18.17
"vera4cast","fcre",2023-10-31 17:46:37,"P1D",1.5,"Bluegreens_ugL_sample",5.44
"vera4cast","fcre",2023-10-31 17:46:37,"P1D",1.5,"BrownAlgae_ugL_sample",25.47
"vera4cast","fcre",2023-10-31 17:46:37,"P1D",1.5,"MixedAlgae_ugL_sample",0
"vera4cast","fcre",2023-11-06 18:27:45,"P1D",1.5,"GreenAlgae_ugL_sample",18.47
"vera4cast","fcre",2023-11-06 18:27:45,"P1D",1.5,"Bluegreens_ugL_sample",4.51
"vera4cast","fcre",2023-11-06 18:27:45,"P1D",1.5,"BrownAlgae_ugL_sample",28.13
"vera4cast","fcre",2023-11-06 18:27:45,"P1D",1.5,"MixedAlgae_ugL_sample",0
"vera4cast","fcre",2023-11-14 19:03:47,"P1D",1.5,"GreenAlgae_ugL_sample",27.5
"vera4cast","fcre",2023-11-14 19:03:47,"P1D",1.5,"Bluegreens_ugL_sample",2.07
"vera4cast","fcre",2023-11-14 19:03:47,"P1D",1.5,"BrownAlgae_ugL_sample",32.15
"vera4cast","fcre",2023-11-14 19:03:47,"P1D",1.5,"MixedAlgae_ugL_sample",0
